{"payload":{"allShortcutsEnabled":true,"path":"0x00-MySQL_Advanced","repo":{"id":508813791,"defaultBranch":"main","name":"alx-backend-storage","ownerLogin":"Pericles001","currentUserCanPush":false,"isFork":false,"isEmpty":false,"createdAt":"2022-06-29T20:02:10.000+01:00","ownerAvatar":"https://avatars.githubusercontent.com/u/55035365?v=4","public":true,"private":false,"isOrgOwned":false},"currentUser":{"id":113802790,"login":"MsGeeO","userEmail":"geethatcher@gmail.com"},"refInfo":{"name":"f9a8044abb58fe5986bb5ca66acc391e420b7db7","listCacheKey":"v0:1656529339.591694","canEdit":false,"refType":"tree","currentOid":"f9a8044abb58fe5986bb5ca66acc391e420b7db7"},"tree":{"items":[{"name":"0-uniq_users.sql","path":"0x00-MySQL_Advanced/0-uniq_users.sql","contentType":"file"},{"name":"1-country_users.sql","path":"0x00-MySQL_Advanced/1-country_users.sql","contentType":"file"},{"name":"10-div.sql","path":"0x00-MySQL_Advanced/10-div.sql","contentType":"file"},{"name":"100-average_weighted_score.sql","path":"0x00-MySQL_Advanced/100-average_weighted_score.sql","contentType":"file"},{"name":"101-average_weighted_score.sql","path":"0x00-MySQL_Advanced/101-average_weighted_score.sql","contentType":"file"},{"name":"11-need_meeting.sql","path":"0x00-MySQL_Advanced/11-need_meeting.sql","contentType":"file"},{"name":"2-fans.sql","path":"0x00-MySQL_Advanced/2-fans.sql","contentType":"file"},{"name":"3-glam_rock.sql","path":"0x00-MySQL_Advanced/3-glam_rock.sql","contentType":"file"},{"name":"4-store.sql","path":"0x00-MySQL_Advanced/4-store.sql","contentType":"file"},{"name":"5-valid_email.sql","path":"0x00-MySQL_Advanced/5-valid_email.sql","contentType":"file"},{"name":"6-bonus.sql","path":"0x00-MySQL_Advanced/6-bonus.sql","contentType":"file"},{"name":"7-average_score.sql","path":"0x00-MySQL_Advanced/7-average_score.sql","contentType":"file"},{"name":"8-index_my_names.sql","path":"0x00-MySQL_Advanced/8-index_my_names.sql","contentType":"file"},{"name":"9-index_name_score.sql","path":"0x00-MySQL_Advanced/9-index_name_score.sql","contentType":"file"},{"name":"README.md","path":"0x00-MySQL_Advanced/README.md","contentType":"file"}],"templateDirectorySuggestionUrl":null,"readme":{"displayName":"README.md","richText":"<article class=\"markdown-body entry-content container-lg\" itemprop=\"text\"><h1 tabindex=\"-1\" dir=\"auto\"><a id=\"user-content-0x00-mysql-advanced\" class=\"anchor\" aria-hidden=\"true\" href=\"#0x00-mysql-advanced\"><svg class=\"octicon octicon-link\" viewBox=\"0 0 16 16\" version=\"1.1\" width=\"16\" height=\"16\" aria-hidden=\"true\"><path d=\"m7.775 3.275 1.25-1.25a3.5 3.5 0 1 1 4.95 4.95l-2.5 2.5a3.5 3.5 0 0 1-4.95 0 .751.751 0 0 1 .018-1.042.751.751 0 0 1 1.042-.018 1.998 1.998 0 0 0 2.83 0l2.5-2.5a2.002 2.002 0 0 0-2.83-2.83l-1.25 1.25a.751.751 0 0 1-1.042-.018.751.751 0 0 1-.018-1.042Zm-4.69 9.64a1.998 1.998 0 0 0 2.83 0l1.25-1.25a.751.751 0 0 1 1.042.018.751.751 0 0 1 .018 1.042l-1.25 1.25a3.5 3.5 0 1 1-4.95-4.95l2.5-2.5a3.5 3.5 0 0 1 4.95 0 .751.751 0 0 1-.018 1.042.751.751 0 0 1-1.042.018 1.998 1.998 0 0 0-2.83 0l-2.5 2.5a1.998 1.998 0 0 0 0 2.83Z\"></path></svg></a>0x00. MySQL advanced</h1>\n<p dir=\"auto\">Back-endSQLMySQL</p>\n<ul dir=\"auto\">\n<li>\n<p dir=\"auto\">By Guillaume Plessis, Senior Cloud &amp; System Engineer at WeWork and Guillaume, CTO at Holberton school</p>\n</li>\n<li>\n<p dir=\"auto\">Weight: 1</p>\n</li>\n<li>\n<p dir=\"auto\">An auto review will be launched at the deadline</p>\n</li>\n</ul>\n<h3 tabindex=\"-1\" dir=\"auto\"><a id=\"user-content-concepts\" class=\"anchor\" aria-hidden=\"true\" href=\"#concepts\"><svg class=\"octicon octicon-link\" viewBox=\"0 0 16 16\" version=\"1.1\" width=\"16\" height=\"16\" aria-hidden=\"true\"><path d=\"m7.775 3.275 1.25-1.25a3.5 3.5 0 1 1 4.95 4.95l-2.5 2.5a3.5 3.5 0 0 1-4.95 0 .751.751 0 0 1 .018-1.042.751.751 0 0 1 1.042-.018 1.998 1.998 0 0 0 2.83 0l2.5-2.5a2.002 2.002 0 0 0-2.83-2.83l-1.25 1.25a.751.751 0 0 1-1.042-.018.751.751 0 0 1-.018-1.042Zm-4.69 9.64a1.998 1.998 0 0 0 2.83 0l1.25-1.25a.751.751 0 0 1 1.042.018.751.751 0 0 1 .018 1.042l-1.25 1.25a3.5 3.5 0 1 1-4.95-4.95l2.5-2.5a3.5 3.5 0 0 1 4.95 0 .751.751 0 0 1-.018 1.042.751.751 0 0 1-1.042.018 1.998 1.998 0 0 0-2.83 0l-2.5 2.5a1.998 1.998 0 0 0 0 2.83Z\"></path></svg></a>Concepts</h3>\n<p dir=\"auto\"><em>For this project, we expect you to look at this concept:</em></p>\n<ul dir=\"auto\">\n<li><a href=\"https://alx-intranet.hbtn.io/concepts/555\" rel=\"nofollow\">Advanced SQL</a></li>\n</ul>\n<h2 tabindex=\"-1\" dir=\"auto\"><a id=\"user-content-resources\" class=\"anchor\" aria-hidden=\"true\" href=\"#resources\"><svg class=\"octicon octicon-link\" viewBox=\"0 0 16 16\" version=\"1.1\" width=\"16\" height=\"16\" aria-hidden=\"true\"><path d=\"m7.775 3.275 1.25-1.25a3.5 3.5 0 1 1 4.95 4.95l-2.5 2.5a3.5 3.5 0 0 1-4.95 0 .751.751 0 0 1 .018-1.042.751.751 0 0 1 1.042-.018 1.998 1.998 0 0 0 2.83 0l2.5-2.5a2.002 2.002 0 0 0-2.83-2.83l-1.25 1.25a.751.751 0 0 1-1.042-.018.751.751 0 0 1-.018-1.042Zm-4.69 9.64a1.998 1.998 0 0 0 2.83 0l1.25-1.25a.751.751 0 0 1 1.042.018.751.751 0 0 1 .018 1.042l-1.25 1.25a3.5 3.5 0 1 1-4.95-4.95l2.5-2.5a3.5 3.5 0 0 1 4.95 0 .751.751 0 0 1-.018 1.042.751.751 0 0 1-1.042.018 1.998 1.998 0 0 0-2.83 0l-2.5 2.5a1.998 1.998 0 0 0 0 2.83Z\"></path></svg></a>Resources</h2>\n<p dir=\"auto\"><strong>Read or watch</strong>:</p>\n<ul dir=\"auto\">\n<li><a href=\"https://alx-intranet.hbtn.io/rltoken/8w9di_hk19DIMSBEV3EayQ\" title=\"MySQL cheatsheet\" rel=\"nofollow\">MySQL cheatsheet</a></li>\n<li><a href=\"https://alx-intranet.hbtn.io/rltoken/2GJbZ48zRPA70o2YhTdH7g\" title=\"MySQL Performance: How To Leverage MySQL Database Indexing\" rel=\"nofollow\">MySQL Performance: How To Leverage MySQL Database Indexing</a></li>\n<li><a href=\"https://alx-intranet.hbtn.io/rltoken/K180X2OCzb6gzPngjn-EIg\" title=\"Stored Procedure\" rel=\"nofollow\">Stored Procedure</a></li>\n<li><a href=\"https://alx-intranet.hbtn.io/rltoken/cJ1qA4o-rRm4rWIsqYKSZg\" title=\"Triggers\" rel=\"nofollow\">Triggers</a></li>\n<li><a href=\"https://alx-intranet.hbtn.io/rltoken/vHg1z3UAOcWMvOt8xZHeiA\" title=\"Views\" rel=\"nofollow\">Views</a></li>\n<li><a href=\"https://alx-intranet.hbtn.io/rltoken/g-c1m6iljScpi4LeqxBRqQ\" title=\"Functions and Operators\" rel=\"nofollow\">Functions and Operators</a></li>\n<li><a href=\"https://alx-intranet.hbtn.io/rltoken/gLVwKjQfRL0Jr_nWqAS7VQ\" title=\"Trigger Syntax and Examples\" rel=\"nofollow\">Trigger Syntax and Examples</a></li>\n<li><a href=\"https://alx-intranet.hbtn.io/rltoken/X789nJ22H6HVh1uCQPl0lg\" title=\"CREATE TABLE Statement\" rel=\"nofollow\">CREATE TABLE Statement</a></li>\n<li><a href=\"https://alx-intranet.hbtn.io/rltoken/mfrWMt1KL3NHXblJykMgZg\" title=\"CREATE PROCEDURE and CREATE FUNCTION Statements\" rel=\"nofollow\">CREATE PROCEDURE and CREATE FUNCTION Statements</a></li>\n<li><a href=\"https://alx-intranet.hbtn.io/rltoken/oCu8Rg9WfKyF4BhTt8dZGQ\" title=\"CREATE INDEX Statement\" rel=\"nofollow\">CREATE INDEX Statement</a></li>\n<li><a href=\"https://alx-intranet.hbtn.io/rltoken/FEZNlZFKZmD1ISnLINkCwQ\" title=\"CREATE VIEW Statement\" rel=\"nofollow\">CREATE VIEW Statement</a></li>\n</ul>\n<h2 tabindex=\"-1\" dir=\"auto\"><a id=\"user-content-learning-objectives\" class=\"anchor\" aria-hidden=\"true\" href=\"#learning-objectives\"><svg class=\"octicon octicon-link\" viewBox=\"0 0 16 16\" version=\"1.1\" width=\"16\" height=\"16\" aria-hidden=\"true\"><path d=\"m7.775 3.275 1.25-1.25a3.5 3.5 0 1 1 4.95 4.95l-2.5 2.5a3.5 3.5 0 0 1-4.95 0 .751.751 0 0 1 .018-1.042.751.751 0 0 1 1.042-.018 1.998 1.998 0 0 0 2.83 0l2.5-2.5a2.002 2.002 0 0 0-2.83-2.83l-1.25 1.25a.751.751 0 0 1-1.042-.018.751.751 0 0 1-.018-1.042Zm-4.69 9.64a1.998 1.998 0 0 0 2.83 0l1.25-1.25a.751.751 0 0 1 1.042.018.751.751 0 0 1 .018 1.042l-1.25 1.25a3.5 3.5 0 1 1-4.95-4.95l2.5-2.5a3.5 3.5 0 0 9.64a1.998 1.998 0 0 0 2.83 0l1.25-1.25a.751.751 0 0 1 1.042.018.751.751 0 0 1 .018 1.042l-1.25 1.25a3.5 3.5 0 1 1-4.95-4.95l2.5-2.5a3.5 3.5 0 0 1 4.95 0 .751.751 0 0 1-.018 1.042.751.751 0 0 1-1.042.018 1.998 1.998 0 0 0-2.83 0l-2.5 2.5a1.998 1.998 0 0 0 0 2.83Z\"></path></svg></a>General</h3>\n<ul dir=\"auto\">\n<li>How to create tables with constraints</li>\n<li>How to optimize queries by adding indexes</li>\n<li>What is and how to implement stored procedures and functions in MySQL</li>\n<li>What is and how to implement views in MySQL</li>\n<li>What is and how to implement triggers in MySQL</li>\n</ul>\n<h2 tabindex=\"-1\" dir=\"auto\"><a id=\"user-content-requirements\" class=\"anchor\" aria-hidden=\"true\" href=\"#requirements\"><svg class=\"octicon octicon-link\" viewBox=\"0 0 16 16\" version=\"1.1\" width=\"16\" height=\"16\" aria-hidden=\"true\"><path d=\"m7.775 3.275 1.25-1.25a3.5 3.5 0 1 1 4.95 4.95l-2.5 2.5a3.5 3.5 0 0 1-4.95 0 .751.751 0 0 1 .018-1.042.751.751 0 0 1 1.042-.018 1.998 1.998 0 0 0 2.83 0l2.5-2.5a2.002 2.002 0 0 0-2.83-2.83l-1.25 1.25a.751.751 0 0 1-1.042-.018.751.751 0 0 1-.018-1.042Zm-4.69 9.64a1.998 1.998 0 0 0 2.83 0l1.25-1.25a.751.751 0 0 1 1.042.018.751.751 0 0 1 .018 1.042l-1.25 1.25a3.5 3.5 0 1 1-4.95-4.95l2.5-2.5a3.5 3.5 0 0 1 4.95 0 .751.751 0 0 1-.018 1.042.751.751 0 0 1-1.042.018 1.998 1.998 0 0 0-2.83 0l-2.5 2.5a1.998 1.998 0 0 0 0 2.83Z\"></path></svg></a>Requirements</h2>\n<h3 tabindex=\"-1\" dir=\"auto\"><a id=\"user-content-general-1\" class=\"anchor\" aria-hidden=\"true\" href=\"#general-1\"><svg class=\"octicon octicon-link\" viewBox=\"0 0 16 16\" version=\"1.1\" width=\"16\" height=\"16\" aria-hidden=\"true\"><path d=\"m7.775 3.275 1.25-1.25a3.5 3.5 0 1 1 4.95 4.95l-2.5 2.5a3.5 3.5 0 0 1-4.95 0 .751.751 0 0 1 .018-1.042.751.751 0 0 1 1.042-.018 1.998 1.998 0 0 0 2.83 0l2.5-2.5a2.002 2.002 0 0 0-2.83-2.83l-1.25 1.25a.751.751 0 0 1-1.042-.018.751.751 0 0 1-.018-1.042Zm-4.69 9.64a1.998 1.998 0 0 0 2.83 0l1.25-1.25a.751.751 0 0 1 1.042.018.751.751 0 0 1 .018 1.042l-1.25 1.25a3.5 3.5 0 1 1-4.95-4.95l2.5-2.5a3.5 3.5 0 0 1 4.95 0 .751.751 0 0 1-.018 1.042.751.751 0 0 1-1.042.018 1.998 1.998 0 0 0-2.83 0l-2.5 2.5a1.998 1.998 0 0 0 0 2.83Z\"></path></svg></a>General</h3>\n<ul dir=\"auto\">\n<li>All your files will be executed on Ubuntu 18.04 LTS using <code>MySQL 5.7</code> (version 5.7.30)</li>\n<li>All your files should end with a new line</li>\n<li>All your SQL queries should have a comment just before (i.e. syntax above)</li>\n<li>All your files should start by a comment describing the task</li>\n<li>All SQL keywords should be in uppercase (<code>SELECT</code>, <code>WHERE</code>...)</li>\n<li>A <code>README.md</code> file, at the root of the folder of the project, is mandatory</li>\n<li>The length of your files will be tested using <code>wc</code></li>\n</ul>\n<h2 tabindex=\"-1\" dir=\"auto\"><a id=\"user-content-more-info\" class=\"anchor\" aria-hidden=\"true\" href=\"#more-info\"><svg class=\"octicon octicon-link\" viewBox=\"0 0 16 16\" version=\"1.1\" width=\"16\" height=\"16\" aria-hidden=\"true\"><path d=\"m7.775 3.275 1.25-1.25a3.5 3.5 0 1 1 4.95 4.95l-2.5 2.5a3.5 3.5 0 0 1-4.95 0 .751.751 0 0 1 .018-1.042.751.751 0 0 1 1.042-.018 1.998 1.998 0 0 0 2.83 0l2.5-2.5a2.002 2.002 0 0 0-2.83-2.83l-1.25 1.25a.751.751 0 0 1-1.042-.018.751.751 0 0 1-.018-1.042Zm-4.69 9.64a1.998 1.998 0 0 0 2.83 0l1.25-1.25a.751.751 0 0 1 1.042.018.751.751 0 0 1 .018 1.042l-1.25 1.25a3.5 3.5 0 1 1-4.95-4.95l2.5-2.5a3.5 3.5 0 0 1 4.95 0 .751.751 0 0 1-.018 1.042.751.751 0 0 1-1.042.018 1.998 1.998 0 0 0-2.83 0l-2.5 2.5a1.998 1.998 0 0 0 0 2.83Z\"></path></svg></a>More Info</h2>\n<h3 tabindex=\"-1\" dir=\"auto\"><a id=\"user-content-comments-for-your-sql-file\" class=\"anchor\" aria-hidden=\"true\" href=\"#comments-for-your-sql-file\"><svg class=\"octicon octicon-link\" viewBox=\"0 0 16 16\" version=\"1.1\" width=\"16\" height=\"16\" aria-hidden=\"true\"><path d=\"m7.775 3.275 1.25-1.25a3.5 3.5 0 1 1 4.95 4.95l-2.5 2.5a3.5 3.5 0 0 1-4.95 0 .751.751 0 0 1 .018-1.042.751.751 0 0 1 1.042-.018 1.998 1.998 0 0 0 2.83 0l2.5-2.5a2.002 2.002 0 0 0-2.83-2.83l-1.25 1.25a.751.751 0 0 1-1.042-.018.751.751 0 0 1-.018-1.042Zm-4.69 9.64a1.998 1.998 0 0 0 2.83 0l1.25-1.25a.751.751 0 0 1 1.042.018.751.751 0 0 1 .018 1.042l-1.25 1.25a3.5 3.5 0 1 1-4.95-4.95l2.5-2.5a3.5 3.5 0 0 1 4.95 0 .751.751 0 0 1-.018 1.042.751.751 0 0 1-1.042.018 1.998 1.998 0 0 0-2.83 0l-2.5 2.5a1.998 1.998 0 0 0 0 2.83Z\"></path></svg></a>Comments for your SQL file:</h3>\n<div class=\"snippet-clipboard-content notranslate position-relative overflow-auto\" data-snippet-clipboard-copy-content=\"$ cat my_script.sql\n-- 3 first students in the Batch ID=3\n-- because Batch 3 is the best!\nSELECT id, name FROM students WHERE batch_id = 3 ORDER BY created_at DESC LIMIT 3;\n$\n\"><pre class=\"notranslate\"><code>$ cat my_script.sql\n-- 3 first students in the Batch ID=3\n-- because Batch 3 is the best!\nSELECT id, name FROM students WHERE batch_id = 3 ORDER BY created_at DESC LIMIT 3;\n$\n\n</code></pre></div>\n<h3 tabindex=\"-1\" dir=\"auto\"><a id=\"user-content-use-container-on-demand-to-run-mysql\" class=\"anchor\" aria-hidden=\"true\" href=\"#use-container-on-demand-to-run-mysql\"><svg class=\"octicon octicon-link\" viewBox=\"0 0 16 16\" version=\"1.1\" width=\"16\" height=\"16\" aria-hidden=\"true\"><path d=\"m7.775 3.275 1.25-1.25a3.5 3.5 0 1 1 4.95 4.95l-2.5 2.5a3.5 3.5 0 0 1-4.95 0 .751.751 0 0 1 .018-1.042.751.751 0 0 1 1.042-.018 1.998 1.998 0 0 0 2.83 0l2.5-2.5a2.002 2.002 0 0 0-2.83-2.83l-1.25 1.25a.751.751 0 0 1-1.042-.018.751.751 0 0 1-.018-1.042Zm-4.69 9.64a1.998 1.998 0 0 0 2.83 0l1.25-1.25a.751.751 0 0 1 1.042.018.751.751 0 0 1 .018 1.042l-1.25 1.25a3.5 3.5 0 1 1-4.95-4.95l2.5-2.5a3.5 3.5 0 0 1 4.95 0 .751.751 0 0 1-.018 1.042.751.751 0 0 1-1.042.018 1.998 1.998 0 0 0-2.83 0l-2.5 2.5a1.998 1.998 0 0 0 0 2.83Z\"></path></svg></a>Use \"container-on-demand\" to run MySQL</h3>\n<ul dir=\"auto\">\n<li>Ask for container <code>Ubuntu 18.04 - Python 3.7</code></li>\n<li>Connect via SSH</li>\n<li>Or via the WebTerminal</li>\n<li>In the container, you should start MySQL before playing with it:</li>\n</ul>\n<div class=\"snippet-clipboard-content notranslate position-relative overflow-auto\" data-snippet-clipboard-copy-content=\"$ service mysql start\n * MySQL Community Server 5.7.30 is started\n$\n$ cat 0-list_databases.sql | mysql -uroot -p my_database\nEnter password:\nDatabase\ninformation_schema\nmysql\nperformance_schema\nsys\n$\n\"><pre class=\"notranslate\"><code>$ service mysql start\n * MySQL Community Server 5.7.30 is started\n$\n$ cat 0-list_databases.sql | mysql -uroot -p my_database\nEnter password:\nDatabase\ninformation_schema\nmysql\nperformance_schema\nsys\n$\n\n</code></pre></div>\n<p dir=\"auto\"><strong>In the container, credentials are <code>root/root</code></strong></p>\n<h3 tabindex=\"-1\" dir=\"auto\"><a id=\"user-content-how-to-import-a-sql-dump\" class=\"anchor\" aria-hidden=\"true\" href=\"#how-to-import-a-sql-dump\"><svg class=\"octicon octicon-link\" viewBox=\"0 0 16 16\" version=\"1.1\" width=\"16\" height=\"16\" aria-hidden=\"true\"><path d=\"m7.775 3.275 1.25-1.25a3.5 3.5 0 1 1 4.95 4.95l-2.5 2.5a3.5 3.5 0 0 1-4.95 0 .751.751 0 0 1 .018-1.042.751.751 0 0 1 1.042-.018 1.998 1.998 0 0 0 2.83 0l2.5-2.5a2.002 2.002 0 0 0-2.83-2.83l-1.25 1.25a.751.751 0 0 1-1.042-.018.751.751 0 0 1-.018-1.042Zm-4.69 9.64a1.998 1.998 0 0 0 2.83 0l1.25-1.25a.751.751 0 0 1 1.042.018.751.751 0 0 1 .018 1.042l-1.25 1.25a3.5 3.5 0 1 1-4.95-4.95l2.5-2.5a3.5 3.5 0 0 1 4.95 0 .751.751 0 0 1-.018 1.042.751.751 0 0 1-1.042.018 1.998 1.998 0 0 0-2.83 0l-2.5 2.5a1.998 1.998 0 0 0 0 2.83Z\"></path></svg></a>How to import a SQL dump</h3>\n<div class=\"snippet-clipboard-content notranslate position-relative overflow-auto\" data-snippet-clipboard-copy-content=\"$ echo &quot;CREATE DATABASE hbtn_0d_tvshows;&quot; | mysql -uroot -p\nEnter password:\n$ curl &quot;https://s3.amazonaws.com/intranet-projects-files/holbertonschool-higher-level_programming+/274/hbtn_0d_tvshows.sql&quot; -s | mysql -uroot -p hbtn_0d_tvshows\nEnter password:\n$ echo &quot;SELECT * FROM tv_genres&quot; | mysql -uroot -p hbtn_0d_tvshows\nEnter password:\nid  name\n1   Drama\n2   Mystery\n3   Adventure\n4   Fantasy\n5   Comedy\n6   Crime\n7   Suspense\n8   Thriller\n$\n\"><pre class=\"notranslate\"><code>$ echo \"CREATE DATABASE hbtn_0d_tvshows;\" | mysql -uroot -p\nEnter password:\n$ curl \"https://s3.amazonaws.com/intranet-projects-files/holbertonschool-higher-level_programming+/274/hbtn_0d_tvshows.sql\" -s | mysql -uroot -p hbtn_0d_tvshows\nEnter password:\n$ echo \"SELECT * FROM tv_genres\" | mysql -uroot -p hbtn_0d_tvshows\nEnter password:\nid  name\n1   Drama\n2   Mystery\n3   Adventure\n4   Fantasy\n5   Comedy\n6   Crime\n7   Suspense\n8   Thriller\n$\n\n</code></pre></div>\n<h2 tabindex=\"-1\" dir=\"auto\"><a id=\"user-content-tasks\" class=\"anchor\" aria-hidden=\"true\" href=\"#tasks\"><svg class=\"octicon octicon-link\" viewBox=\"0 0 16 16\" version=\"1.1\" width=\"16\" height=\"16\" aria-hidden=\"true\"><path d=\"m7.775 3.275 1.25-1.25a3.5 3.5 0 1 1 4.95 4.95l-2.5 2.5a3.5 3.5 0 0 1-4.95 0 .751.751 0 0 1 .018-1.042.751.751 0 0 1 1.042-.018 1.998 1.998 0 0 0 2.83 0l2.5-2.5a2.002 2.002 0 0 0-2.83-2.83l-1.25 1.25a.751.751 0 0 1-1.042-.018.751.751 0 0 1-.018-1.042Zm-4.69 9.64a1.998 1.998 0 0 0 2.83 0l1.25-1.25a.751.751 0 0 1 1.042.018.751.751 0 0 1 .018 1.042l-1.25 1.25a3.5 3.5 0 1 1-4.95-4.95l2.5-2.5a3.5 3.5 0 0 1 4.95 0 .751.751 0 0 1-.018 1.042.751.751 0 0 1-1.042.018 1.998 1.998 0 0 0-2.83 0l-2.5 2.5a1.998 1.998 0 0 0 0 2.83Z\"></path></svg></a>Tasks</h2>\n<h3 tabindex=\"-1\" dir=\"auto\"><a id=\"user-content-0-we-are-all-unique\" class=\"anchor\" aria-hidden=\"true\" href=\"#0-we-are-all-unique\"><svg class=\"octicon octicon-link\" viewBox=\"0 0 16 16\" version=\"1.1\" width=\"16\" height=\"16\" aria-hidden=\"true\"><path d=\"m7.775 3.275 1.25-1.25a3.5 3.5 0 1 1 4.95 4.95l-2.5 2.5a3.5 3.5 0 0 1-4.95 0 .751.751 0 0 1 .018-1.042.751.751 0 0 1 1.042-.018 1.998 1.998 0 0 0 2.83 0l2.5-2.5a2.002 2.002 0 0 0-2.83-2.83l-1.25 1.25a.751.751 0 0 1-1.042-.018.751.751 0 0 1-.018-1.042Zm-4.69 9.64a1.998 1.998 0 0 0 2.83 0l1.25-1.25a.751.751 0 0 1 1.042.018.751.751 0 0 1 .018 1.042l-1.25 1.25a3.5 3.5 0 1 1-4.95-4.95l2.5-2.5a3.5 3.5 0 0 1 4.95 0 .751.751 0 0 1-.018 1.042.751.751 0 0 1-1.042.018 1.998 1.998 0 0 0-2.83 0l-2.5 2.5a1.998 1.998 0 0 0 0 2.83Z\"></path></svg></a>0. We are all unique!</h3>\n<p dir=\"auto\">mandatory</p>\n<p dir=\"auto\">Write a SQL script that creates a table <code>users</code> following these requirements:</p>\n<ul dir=\"auto\">\n<li>With these attributes:\n<ul dir=\"auto\">\n<li><code>id</code>, integer, never null, auto increment and primary key</li>\n<li><code>email</code>, string (255 characters), never null and unique</li>\n<li><code>name</code>, string (255 characters)</li>\n</ul>\n</li>\n<li>If the table already exists, your script should not fail</li>\n<li>Your script can be executed on any database</li>\n</ul>\n<p dir=\"auto\"><strong>Context:</strong> <em>Make an attribute unique directly in the table schema will enforced your business rules and avoid bugs in your application<OR 1062 (23000) at line 1: Duplicate entry 'bob@dylan.com' for key 'email'\nbob@dylan:~$\nbob@dylan:~$ echo &quot;SELECT * FROM users;&quot; | mysql -uroot -p holberton\nEnter password:\nid  email   name\n1   bob@dylan.com   Bob\n2   sylvie@dylan.com    Sylvie\nbob@dylan:~$\n\"><pre class=\"notranslate\"><code>bob@dylan:~$ echo \"SELECT * FROM users;\" | mysql -uroot -p holberton\nEnter password:\nERROR 1146 (42S02) at line 1: Table 'holberton.users' doesn't exist\nbob@dylan:~$\nbob@dylan:~$ cat 0-uniq_users.sql | mysql -uroot -p holberton\nEnter password:\nbob@dylan:~$\nbob@dylan:~$ echo 'INSERT INTO users (email, name) VALUES (\"bob@dylan.com\", \"Bob\");' | mysql -uroot -p holberton\nEnter password:\nbob@dylan:~$ echo 'INSERT INTO users (email, name) VALUES (\"sylvie@dylan.com\", \"Sylvie\");' | mysql -uroot -p holberton\nEnter password:\nbob@dylan:~$ echo 'INSERT INTO users (email, name) VALUES (\"bob@dylan.com\", \"Jean\");' | mysql -uroot -p holberton\nEnter password:\nERROR 1062 (23000) at line 1: Duplicate entry 'bob@dylan.com' for key 'email'\nbob@dylan:~$\nbob@dylan:~$ echo \"SELECT * FROM users;\" | mysql -uroot -p holberton\nEnter password:\nid  email   name\n1   bob@dylan.com   Bob\n2   sylvie@dylan.com    Sylvie\nbob@dylan:~$\n\n</code></pre></div>\n<p dir=\"auto\"><strong>Repo:</strong></p>\n<ul dir=\"auto\">\n<li>GitHub repository: <code>alx-backend-storage</code></li>\n<li>Directory: <code>0x00-MySQL_Advanced</code></li>\n<li>File: <code>0-uniq_users.sql</code></li>\n</ul>\n<p dir=\"auto\"> Done? Help Check your code Get a sandbox</p>\n<h3 tabindex=\"-1\" dir=\"auto\"><a id=\"user-content-1-in-and-not-out\" class=\"anchor\" aria-hidden=\"true\" href=\"#1-in-and-not-out\"><svg class=\"octicon octicon-link\" viewBox=\"0 0 16 16\" version=\"1.1\" width=\"16\" height=\"16\" aria-hidden=\"true\"><path d=\"m7.775 3.275 1.25-1.25a3.5 3.5 0 1 1 4.95 4.95l-2.5 2.5a3.5 3.5 0 0 1-4.95 0 .751.751 0 0 1 .018-1.042.751.751 0 0 1 1.042-.018 1.998 1.998 0 0 0 2.83 0l2.5-2.5a2.002 2.002 0 0 0-2.83-2.83l-1.25 1.25a.751.751 0 0 1-1.042-.018.751.751 0 0 1-.018-1.042Zm-4.69 9.64a1.998 1.998 0 0 0 2.83 0l1.25-1.25a.751.751 0 0 1 1.042.018.751.751 0 0 1 .018 1.042l-1.25 1.25a3.5 3.5 0 1 1-4.95-4.95l2.5-2.5a3.5 3.5 0 0 1 4.95 0 .751.751 0 0 1-.018 1.042.751.751 0 0 1-1.042.018 1.998 1.998 0 0 0-2.83 0l-2.5 2.5a1.998 1.998 0 0 0 0 2.83Z\"></path></svg></a>1. In and not out</h3>\n<p dir=\"auto\">mandatory</p>\n<p dir=\"auto\">Write a SQL script that creates a table <code>users</code> following these requirements:</p>\n<ul dir=\"auto\">\n<li>With these attributes:\n<ul dir=\"auto\">\n<li><code>id</code>, integer, never null, auto increment and primary key</li>\n<li><code>email</code>, string (255 characters), never null and unique</li>\n<li><code>name</code>, string (255 characters)</li>\n<li><code>country</code>, enumeration of countries: <code>US</code>, <code>CO</code> and <code>TN</code>, never null (= default will be the first element of the enumeration, here <code>US</code>)</li>\n</ul>\n</li>\n<li>If the table already exists, your script should not fail</li>\n<li>Your script can be executed on any database</li>\n</ul>\n<div class=\"snippet-clipboard-content notranslate position-relative overflow-auto\" data-snippet-clipboard-copy-content=\"bob@dylan:~$ echo &quot;SELECT * FROM users;&quot; | mysql -uroot -p holberton\nEnter password:\nERROR 1146 (42S02) at line 1: Table 'holberton.users' doesn't exist\nbob@dylan:~$\nbob@dylan:~$ cat 1-country_users.sql | mysql -uroot -p holberton\nEnter password:\nbob@dylan:~$\nbob@dylan:~$ echo 'INSERT INTO users (email, name, country) VALUES (&quot;bob@dylan.com&quot;, &quot;Bob&quot;, &quot;US&quot;);' | mysql -uroot -p holberton\nEnter password:\nbob@dylan:~$ echo 'INSERT INTO users (email, name, country) VALUES (&quot;sylvie@dylan.com&quot;, &quot;Sylvie&quot;, &quot;CO&quot;);' | mysql -uroot -p holberton\nEnter password:\nbob@dylan:~$ echo 'INSERT INTO users (email, name, country) VALUES (&quot;jean@dylan.com&quot;, &quot;Jean&quot;, &quot;FR&quot;);' | mysql -uroot -p holberton\nEnter password:\nERROR 1265 (01000) at line 1: Data truncated for column 'country' at row 1\nbob@dylan:~$\nbob@dylan:~$ echo 'INSERT INTO users (email, name) VALUES (&quot;john@dylan.com&quot;, &quot;John&quot;);' | mysql -uroot -p holberton\nEnter password:\nbob@dylan:~$\nbob@dylan:~$ echo &quot;SELECT * FROM users;&quot; | mysql -uroot -p holberton\nEnter password:\nid  email   name    country\n1   bob@dylan.com   Bob US\n2   sylvie@dylan.com    Sylvie  CO\n3   john@dylan.com  John    US\nbob@dylan:~$\n\"><pre class=\"notranslate\"><code>bob@dylan:~$ echo \"SELECT * FROM users;\" | mysql -uroot -p holberton\nEnter password:\nERROR 1146 (42S02) at line 1: Table 'holberton.users' doesn't exist\nbob@dylan:~$\nbob@dylan:~$ cat 1-country_users.sql | mysql -uroot -p holberton\nEnter password:\nbob@dylan:~$\nbob@dylan:~$ echo 'INSERT INTO users (email, name, country) VALUES (\"bob@dylan.com\", \"Bob\", \"US\");' | mysql -uroot -p holberton\nEnter password:\nbob@dylan:~$ echo 'INSERT INTO users (email, name, country) VALUES (\"sylvie@dylan.com\", \"Sylvie\", \"CO\");' | mysql -uroot -p holberton\nEnter password:\nbob@dylan:~$ echo 'INSERT INTO users (email, name, country) VALUES (\"jean@dylan.com\", \"Jean\", \"FR\");' | mysql -uroot -p holberton\nEnter password:\nERROR 1265 (01000) at line 1: Data truncated for column 'country' at row 1\nbob@dylan:~$\nbob@dylan:~$ echo 'INSERT INTO users (email, name) VALUES (\"john@dylan.com\", \"John\");' | mysql -uroot -p holberton\nEnter password:\nbob@dylan:~$\nbob@dylan:~$ echo \"SELECT * FROM users;\" | mysql -uroot -p holberton\nEnter password:\nid  email   name    country\n1   bob@dylan.com   Bob US\n2   sylvie@dylan.com    Sylvie  CO\n3   john@dylan.com  John    US\nbob@dylan:~$\n\n</code></pre></div>\n<p dir=\"auto\"><strong>Repo:</strong></p>\n<ul dir=\"auto\">\n<li>GitHub repository: <code>alx-backend-storage</code></li>\n<li>Directory: <code>0x00-MySQL_Advanced</code></li>\n<li>File: <code>1-country_users.sql</code></li>\n</ul>\n<p dir=\"auto\"> Done? Help Check your code Get a sandbox</p>\n<h3 tabindex=\"-1\" dir=\"auto\"><a id=\"user-content-2-best-band-ever\" class=\"anchor\" aria-hidden=\"true\" href=\"#2-best-band-ever\"><svg class=\"octicon octicon-link\" viewBox=\"0 0 16 16\" version=\"1.1\" width=\"16\" height=\"16\" aria-hidden=\"true\"><path d=\"m7.775 3.275 1.25-1.25a3.5 3.5 0 1 1 4.95 4.95l-2.5 2.5a3.5 3.5 0 0 1-4.95 0 .751.751 0 0 1 .018-1.042.751.751 0 0 1 1.042-.018 1.998 1.998 0 0 0 2.83 0l2.5-2.5a2.002 2.002 0 0 0-2.83-2.83l-1.25 1.25a.751.751 0 0 1-1.042-.018.751.751 0 0 1-.018-1.042Zm-4.69 9.64a1.998 1.998 0 0 0 2.83 0l1.25-1.25a.751.751 0 0 1 1.042.018.751.751 0 0 1 .018 1.042l-1.25 1.25a3.5 3.5 0 1 1-4.95-4.95l2.5-2.5a3.5 3.5 0 0 1 4.95 0 .751.751 0 0 1-.018 1.042.751.751 0 0 1-1.042.018 1.998 1.998 0 0 0-2.83 0l-2.5 2.5a1.998 1.998 0 0 0 0 2.83Z\"></path></svg></a>2. Best band ever!</h3>\n<p dir=\"auto\">mandatory</p>\n<p dir=\"auto\">Write a SQL script that ranks country origins of bands, ordered by the number of (non-unique) fans</p>\n<p dir=\"auto\"><strong>Requirements:</strong></p>\n<ul dir=\"auto\">\n<li>Import this table dump: <a href=\"https://alx-intranet.hbtn.io/rltoken/uPn947gnZLaa0FJrrAFTGQ\" title=\"metal_bands.sql.zip\" rel=\"nofollow\">metal_bands.sql.zip</a></li>\n<li>Column names must be: <code>origin</code> and <code>nb_fans</code></li>\n<li>Your script can be executed on any database</li>\n</ul>\n<p dir=\"auto\"><strong>Context:</strong> <em>Calculate/compute something is always power intensive... better to distribute the load!</em></p>\n<div class=\"snippet-clipboard-content notranslate position-relative overflow-auto\" data-snippet-clipboard-copy-content=\"bob@dylan:~$ cat metal_bands.sql | mysql -uroot -p holberton\nEnter password:\nbob@dylan:~$\nbob@dylan:~$ cat 2-fans.sql | mysql -uroot -p holberton &gt; tmp_res ; head tmp_res\nEnter password:\norigin  nb_fans\nUSA 99349\nSweden  47169\nFinland 32878\nUnited Kingdom  32518\nGermany 29486\nNorway  22405\nCanada  8874\nThe Netherlands 8819\nItaly   7178\nbob@dylan:~$\n\"><pre class=\"notranslate\"><code>bob@dylan:~$ cat metal_bands.sql | mysql -uroot -p holberton\nEnter password:\nbob@dylan:~$\nbob@dylan:~$ cat 2-fans.sql | mysql -uroot -p holberton &gt; tmp_res ; head tmp_res\nEnter password:\norigin  nb_fans\nUSA 99349\nSweden  47169\nFinland 32878\nUnited Kingdom  32518\nGermany 29486\nNorway  22405\nCanada  8874\nThe Netherlands 8819\nItaly   7178\nbob@dylan:~$\n\n</code></pre></div>\n<p dir=\"auto\"><strong>Repo:</strong></p>\n<ul dir=\"auto\">\n<li>GitHub repository: <code>alx-backend-storage</code></li>\n<li>Directory: <code>0x00-MySQL_Advanced</code></li>\n<li>File: <code>2-fans.sql</code></li>\n</ul>\n<p dir=\"auto\"> Done? Help Check your code Get a sandbox</p>\n<h3 tabindex=\"-1\" dir=\"auto\"><a id=\"user-content-3-old-school-band\" class=\"anchor\" aria-hidden=\"true\" href=\"#3-old-school-band\"><svg class=\"octicon octicon-link\" viewBox=\"0 0 16 16\" version=\"1.1\" width=\"16\" height=\"16\" aria-hidden=\"true\"><path d=\"m7.775 3.275 1.25-1.25a3.5 3.5 0 1 1 4.95 4.95l-2.5 2.5a3.5 3.5 0 0 1-4.95 0 .751.751 0 0 1 .018-1.042.751.751 0 0 1 1.042-.018 1.998 1.998 0 0 0 2.83 0l2.5-2.5a2.002 2.002 0 0 0-2.83-2.83l-1.25 1.25a.751.751 0 0 1-1.042-.018.751.751 0 0 1-.018-1.042Zm-4.69 9.64a1.998 1.998 0 0 0 2.83 0l1.25-1.25a.751.751 0 0 1 1.042.018.751.751 0 0 1 .018 1.042l-1.25 1.25a3.5 3.5 0 1 1-4.95-4.95l2.5-2.5a3.5 3.5 0 0 1 4.95 0 .751.751 0 0 1-.018 1.042.751.751 0 0 1-1.042.018 1.998 1.998 0 0 0-2.83 0l-2.5 2.5a1.998 1.998 0 0 0 0 2.83Z\"></path></svg></a>3. Old school band</h3>\n<p dir=\"auto\">mandatory</p>\n<p dir=\"auto\">Write a SQL script that lists all bands with <code>Glam rock</code> as their main style, ranked by their longevity</p>\n<p dir=\"auto\"><strong>Requirements:</strong></p>\n<ul dir=\"auto\">\n<li>Import this table dump: <a href=\"https://alx-intranet.hbtn.io/rltoken/uPn947gnZLaa0FJrrAFTGQ\" title=\"metal_bands.sql.zip\" rel=\"nofollow\">metal_bands.sql.zip</a></li>\n<li>Column names must be: <code>band_name</code> and <code>lifespan</code> (in years)</li>\n<li>You should use attributes <code>formed</code> and <code>split</code> for computing the <code>lifespan</code></li>\n<li>Your script can be executed on any database</li>\n</ul>\n<div class=\"snippet-clipboard-content notranslate position-relative overflow-auto\" data-snippet-clipboard-copy-content=\"bob@dylan:~$ cat metal_bands.sql | mysql -uroot -p holberton\nEnter password:\nbob@dylan:~$\nbob@dylan:~$ cat 3-glam_rock.sql | mysql -uroot -p holberton\nEnter password:\nband_name   lifespan\nAlice Cooper    56\nMötley Crüe   34\nMarilyn Manson  31\nThe 69 Eyes 30\nHardcore Superstar  23\nNasty Idols 0\nHanoi Rocks 0\nbob@dylan:~$\n\"><pre class=\"notranslate\"><code>bob@dylan:~$ cat metal_bands.sql | mysql -uroot -p holberton\nEnter password:\nbob@dylan:~$\nbob@dylan:~$ cat 3-glam_rock.sql | mysql -uroot -p holberton\nEnter password:\nband_name   lifespan\nAlice Cooper    56\nMötley Crüe   34\nMarilyn Manson  31\nThe 69 Eyes 30\nHardcore Superstar  23\nNasty Idols 0\nHanoi Rocks 0\nbob@dylan:~$\n\n</code></pre></div>\n<p dir=\"auto\"><strong>Repo:</strong></p>\n<ul dir=\"auto\">\n<li>GitHub repository: <code>alx-backend-storage</code></li>\n<li>Directory: <code>0x00-MySQL_Advanced</code></li>\n<li>File: <code>3-glam_rock.sql</code></li>\n</ul>\n<p dir=\"auto\"> Done? Help Check your code Get a sandbox</p>\n<h3 tabindex=\"-1\" dir=\"auto\"><a id=\"user-content-4-buy-buy-buy\" class=\"anchor\" aria-hidden=\"true\" href=\"#4-buy-buy-buy\"><svg class=\"octicon octicon-link\" viewBox=\"0 0 16 16\" version=\"1.1\" width=\"16\" height=\"16\" aria-hidden=\"true\"><path d=\"m7.775 3.275 1.25-1.25a3.5 3.5 0 1 1 4.95 4.95l-2.5 2.5a3.5 3.5 0 0 1-4.95 0 .751.751 0 0 1 .018-1.042.751.751 0 0 1 1.042-.018 1.998 1.998 0 0 0 2.83 0l2.5-2.5a2.002 2.002 0 0 0-2.83-2.83l-1.25 1.25a.751.751 0 0 1-1.042-.018.751.751 0 0 1-.018-1.042Zm-4.69 9.64a1.998 1.998 0 0 0 2.83 0l1.25-1.25a.751.751 0 0 1 1.042.018.751.751 0 0 1 .018 1.042l-1.25 1.25a3.5 3.5 0 1 1-4.95-4.95l2.5-2.5a3.5 3.5 0 0 1 4.95 0 .751.751 0 0 1-.018 1.042.751.751 0 0 1-1.042.018 1.998 1.998 0 0 0-2.83 0l-2.5 2.5a1.998 1.998 0 0 0 0 2.83Z\"></path></svg></a>4. Buy buy buy</h3>\n<p dir=\"auto\">mandatory</p>\n<p dir=\"auto\">Write a SQL sOT NULL\n);\n\nINSERT INTO items (name) VALUES (&quot;apple&quot;), (&quot;pineapple&quot;), (&quot;pear&quot;);\n\nbob@dylan:~$\nbob@dylan:~$ cat 4-init.sql | mysql -uroot -p holberton\nEnter password:\nbob@dylan:~$\nbob@dylan:~$ cat 4-store.sql | mysql -uroot -p holberton\nEnter password:\nbob@dylan:~$\nbob@dylan:~$ cat 4-main.sql\nEnter password:\n-- Show and add orders\nSELECT * FROM items;\nSELECT * FROM orders;\n\nINSERT INTO orders (item_name, number) VALUES ('apple', 1);\nINSERT INTO orders (item_name, number) VALUES ('apple', 3);\nINSERT INTO orders (item_name, number) VALUES ('pear', 2);\n\nSELECT &quot;--&quot;;\n\nSELECT * FROM items;\nSELECT * FROM orders;\n\nbob@dylan:~$\nbob@dylan:~$ cat 4-main.sql | mysql -uroot -p holberton\nEnter password:\nname    quantity\napple   10\npineapple   10\npear    10\n--\n--\nname    quantity\napple   6\npineapple   10\npear    8\nitem_name   number\napple   1\napple   3\npear    2\nbob@dylan:~$\n\"><pre class=\"notranslate\"><code>bob@dylan:~$ cat 4-init.sql\n-- Initial\nDROP TABLE IF EXISTS items;\nDROP TABLE IF EXISTS orders;\n\nCREATE TABLE IF NOT EXISTS items (\n    name VARCHAR(255) NOT NULL,\n    quantity int NOT NULL DEFAULT 10\n);\n\nCREATE TABLE IF NOT EXISTS orders (\n    item_name VARCHAR(255) NOT NULL,\n    number int NOT NULL\n);\n\nINSERT INTO items (name) VALUES (\"apple\"), (\"pineapple\"), (\"pear\");\n\nbob@dylan:~$\nbob@dylan:~$ cat 4-init.sql | mysql -uroot -p holberton\nEnter password:\nbob@dylan:~$\nbob@dylan:~$ cat 4-store.sql | mysql -uroot -p holberton\nEnter password:\nbob@dylan:~$\nbob@dylan:~$ cat 4-main.sql\nEnter password:\n-- Show and add orders\nSELECT * FROM items;\nSELECT * FROM orders;\n\nINSERT INTO orders (item_name, number) VALUES ('apple', 1);\nINSERT INTO orders (item_name, number) VALUES ('apple', 3);\nINSERT INTO orders (item_name, number) VALUES ('pear', 2);\n\nSELECT \"--\";\n\nSELECT * FROM items;\nSELECT * FROM orders;\n\nbob@dylan:~$\nbob@dylan:~$ cat 4-main.sql | mysql -uroot -p holberton\nEnter password:\nname    quantity\napple   10\npineapple   10\npear    10\n--\n--\nname    quantity\napple   6\npineapple   10\npear    8\nitem_name   number\napple   1\napple   3\npear    2\nbob@dylan:~$\n\n</code></pre></div>\n<p dir=\"auto\"><strong>Repo:</strong></p>\n<ul dir=\"auto\">\n<li>GitHub repository: <code>alx-backend-storage</code></li>\n<li>Directory: <code>0x00-MySQL_Advanced</code></li>\n<li>File: <code>4-store.sql</code></li>\n</ul>\n<p dir=\"auto\"> Done? Help Check your code Get a sandbox</p>\n<h3 tabindex=\"-1\" dir=\"auto\"><a id=\"user-content-5-email-validation-to-sent\" class=\"anchor\" aria-hidden=\"true\" href=\"#5-email-validation-to-sent\"><svg class=\"octicon octicon-link\" viewBox=\"0 0 16 16\" version=\"1.1\" width=\"16\" height=\"16\" aria-hidden=\"true\"><path d=\"m7.775 3.275 1.25-1.25a3.5 3.5 0 1 1 4.95 4.95l-2.5 2.5a3.5 3.5 0 0 1-4.95 0 .751.751 0 0 1 .018-1.042.751.751 0 0 1 1.042-.018 1.998 1.998 0 0 0 2.83 0l2.5-2.5a2.002 2.002 0 0 0-2.83-2.83l-1.25 1.25a.751.751 0 0 1-1.042-.018.751.751 0 0 1-.018-1.042Zm-4.69 9.64a1.998 1.998 0 0 0 2.83 0l1.25-1.25a.751.751 0 0 1 1.042.018.751.751 0 0 1 .018 1.042l-1.25 1.25a3.5 3.5 0 1 1-4.95-4.95l2.5-2.5a3.5 3.5 0 0 1 4.95 0 .751.751 0 0 1-.018 1.042.751.751 0 0 1-1.042.018 1.998 1.998 0 0 0-2.83 0l-2.5 2.5a1.998 1.998 0 0 0 0 2.83Z\"></path></svg></a>5. Email validation to sent</h3>\n<p dir=\"auto\">mandatory</p>\n<p dir=\"auto\">Write a SQL script that creates a trigger that resets the attribute <code>valid_email</code> only when the <code>email</code> has been changed.</p>\n<p dir=\"auto\"><strong>Context:</strong> <em>Nothing related to MySQL, but perfect for user email validation - distribute the logic to the database itself!</em></p>\n<div class=\"snippet-clipboard-content notranslate position-relative overflow-auto\" data-snippet-clipboard-copy-content=\"bob@dylan:~$ cat 5-init.sql\n-- Initial\nDROP TABLE IF EXISTS users;\n\nCREATE TABLE IF NOT EXISTS users (\n    id int not null AUTO_INCREMENT,\n    email varchar(255) not null,\n    name varchar(255),\n    valid_email boolean not null default 0,\n    PRIMARY KEY (id)\n);\n\nINSERT INTO users (email, name) VALUES (&quot;bob@dylan.com&quot;, &quot;Bob&quot;);\nINSERT INTO users (email, name, valid_email) VALUES (&quot;sylvie@dylan.com&quot;, &quot;Sylvie&quot;, 1);\nINSERT INTO users (email, name, valid_email) VALUES (&quot;jeanne@dylan.com&quot;, &quot;Jeanne&quot;, 1);\n\nbob@dylan:~$\nbob@dylan:~$ cat 5-init.sql | mysql -uroot -p holberton\nEnter password:\nbob@dylan:~$\nbob@dylan:~$ cat 5-valid_email.sql | mysql -uroot -p holberton\nEnter password:\nbob@dylan:~$\nbob@dylan:~$ cat 5-main.sql\nEnter password:\n-- Show users and update (or not) email\nSELECT * FROM users;\n\nUPDATE users SET valid_email = 1 WHERE email = &quot;bob@dylan.com&quot;;\nUPDATE users SET email = &quot;sylvie+new@dylan.com&quot; WHERE email = &quot;sylvie@dylan.com&quot;;\nUPDATE users SET name = &quot;Jannis&quot; WHERE email = &quot;jeanne@dylan.com&quot;;\n\nSELECT &quot;--&quot;;\nSELECT * FROM users;\n\nUPDATE users SET email = &quot;bob@dylan.com&quot; WHERE email = &quot;bob@dylan.com&quot;;\n\nSELECT &quot;--&quot;;\nSELECT * FROM users;\n\nbob@dylan:~$\nbob@dylan:~$ cat 5-main.sql | mysql -uroot -p holberton\nEnter password:\nid  email   name    valid_email\n1   bob@dylan.com   Bob 0\n2   sylvie@dylan.com    Sylvie  1\n3   jeanne@dylan.com    Jeanne  1\n--\n--\nid  email   name    valid_email\n1   bob@dylan.com   Bob 1\n2   sylvie+new@dylan.com    Sylvie  0\n3   jeanne@dylan.com    Jannis  1\n--\n--\nid  email   name    valid_email\n1   bob@dylan.com   Bob 1\n2   sylvie+new@dylan.com    Sylvie  0\n3   jeanne@dylan.com    Jannis  1\nbob@dylan:~$\n\"><pre class=\"notranslate\"><code>bob@dylan:~$ cat 5-init.sql\n-- Initial\nDROP TABLE IF EXISTS users;\n\nCREATE TABLE IF NOT EXISTS users (\n    id int not null AUTO_INCREMENT,\n    email varchar(255) not null,\n    name varchar(255),\n    valid_email boolean not null default 0,\n    PRIMARY KEY (id)\n);\n\nINSERT INTO users (email, name) VALUES (\"bob@dylan.com\", \"Bob\");\nINSERT INTO users (email, name, valid_email) VALUES (\"sylvie@dylan.com\", \"Sylvie\", 1);\nINSERT INTO users (email, name, valid_email) VALUES (\"jeanne@dylan.com\", \"Jeanne\", 1);\n\nbob@dylan:~$\nbob@dylan:~$ cat 5-init.sql | mysql -uroot -p holberton\nEnter password:\nbob@dylan:~$\nbob@dylan:~$ cat 5-valid_email.sql | mysql -uroot -p holberton\nEnter password:\nbob@dylan:~$\nbob@dylan:~$ cat 5-main.sql\nEnter password:\n-- Show users and update (or not) email\nSELECT * FROM users;\n\nUPDATE users SET valid_email = 1 WHERE email = \"bob@dylan.com\";\nUPDATE users SET email = \"sylvie+new@dylan.com\" WHERE email = \"sylvie@dylan.com\";\nUPDATE users SET name = \"Jannis\" WHERE email = \"jeanne@dylan.com\";\n\nSELECT \"--\";\nSELECT * FROM users;\n\nUPDATE users SET email = \"bob@dylan.com\" WHERE email = \"bob@dylan.com\";\n\nSELECT \"--\";\nSELECT * FROM users;\n\nbob@dylan:~$\nbob@dylan:~$ cat 5-main.sql | mysql -uroot -p holberton\nEnter password:\nid  email   name    valid_email\n1   bob@dylan.com   Bob 0\n2   sylvie@dylan.com    Sylvie  1\n3   jeanne@dylan.com    Jeanne  1\n--\n--\nid  email   name    valid_email\n1   bob@dylan.com   Bob 1\n2   sylvie+new@dylan.com    Sylvie  0\n3   jeanne@dylan.com    Jannis  1\n--\n--\nid  email   name    valid_email\n1   bob@dylan.com   Bob 1\n2   sylvie+new@dylan.com    Sylvie  0\n3   jeanne@dylan.com    Jannis  1\nbob@dylan:~$\n\n</code></pre></div>\n<p dir=\"auto\"><strong>Repo:</strong></p>\n<ul dir=\"auto\">\n<li>GitHub repository: <code>alx-backend-storage</code></li>\n<li>Directory: <code>0x00-MySQL_Advanced</code></li>\n<li>File: <code>5-valid_email.sql</code></li>\n</ul>\n<p dir=\"auto\"> Done? Help Check your code Get a sandbox</p>\n<h3 tabindex=\"-1\" dir=\"auto\"><a id=\"user-content-6-add-bonus\" class=\"anchor\" aria-hidden=\"true\" href=\"#6-add-bonus\"><svg class=\"octicon octicon-link\" viewBox=\"0 0 16 16\" version=\"1.1\" width=\"16\" height=\"16\" aria-hidden=\"true\"><path d=\"m7.775 3.275 1.25-1.25a3.5 3.5 0 1 1 4.95 4.95l-2.5 2.5a3.5 3.5 0 0 1-4.95 0 .751.751 0 0 1 .018-1.042.751.751 0 0 1 1.042-.018 1.998 1.998 0 0 0 2.83 0l2.5-2.5a2.002 2.002 0 0 0-2.83-2.83l-1.25 1.25a.751.751 0 0 1-1.042-.018.751.751 0 0 1-.018-1.042Zm-4.69 9.64a1.998 1.998 0 0 0 2.83 0l1.25-1.25a.751.751 0 0 1 1.042.018.751.751 0 0 1 .018 1.042l-1.25 1.25a3.5 3.5 0 1 1-4.95-4.95l2.5-2.5a3.5 3.5 0 0 1 4.95 0 .751.751 0 0 1-.018 1.042.751.751 0 0 1-1.042.018 1.998 1.998 0 0 0-2.83 0l-2.5 2.5a1.998 1.998 0 0 0 0 2.83Z\"></path></svg></a>6. Add bonus</h3>\n<p dir=\"auto\">mandatory</p>\n<p dir=\"auto\">Write a SQL script that creates a stored procedure <code>AddBonus</code> that adds a new correction for a student.</p>\n<p dir=\"auto\"><strong>Requirements:</strong></p>\n<ul dir=\"auto\">\n<li>Procedure <code>AddBonus</code> is taking 3 inputs (in this order):\n<ul dir=\"auto\">\n<li><code>user_id</code>, a <code>users.id</code> value (you can assume <code>user_id</code> is linked to an existing <code>users</code>)</li>\n<li><code>project_name</code>, a new or already exists <code>projects</code> - if no <code>projects.name</code> found in the table, you should create it</li>\n<li><code>score</code>, the score value for the correction</li>\n</ul>\n</li>\n</ul>\n<p dir=\"auto\"><strong>Context:</strong> <em>Write code in SQL is a nice level up!</em></p>\n<div class=\"snippet-clipboard-content notranslate position-relative overflow-auto\" data-snippet-clipboard-copy-content=\"bob@dylan:~$ cat 6-init.sql\n-- Initial\nDROP TABLE IF EXISTS corrections;\nDROP TABLE IF EXISTS users;\nDROP TABLE IF EXISTS projects;\n\nCREATE TABLE IF NOT EXISTS users (\n    id int not null AUTO_INCREMENT,\n    name varchar(255) not null,\n    average_score float default 0,\n    PRIMARY KEY (id)\n);\n\nCREATE TABLE IF NOT EXISTS projects (\n    id int not null AUTO_INCREMENT,\n    name varchar(255) not null,\n    PRIMARY KEY (id)\n);\n\nCREATE TABLE IF NOT EXISTS corrections (\n    user_id int not null,\n    project_id int not null,\n    score int default 0,\n    KEY `user_id` (`user_id`),\n    KEY `project_id` (`project_id`),\n    CONSTRAINT fk_user_id FOREIGN KEY (`user_id`) REFERENCES `users` (`id`) ON DELETE CASCADE,\n    CONSTRAINT fk_project_id FOREIGN KEY (`project_id`) REFERENCES `projects` (`id`) ON DELETE CASCADE\n);\n\nINSERT INTO users (name) VALUES (&quot;Bob&quot;);\nSET @user_bob = LAST_INSERT_ID();\n\nINSERT INTO users (name) VALUES (&quot;Jeanne&quot;);\nSET @user_jeanne = LAST_INSERT_ID();\n\nINSERT INTO projects (name) VALUES (&quot;C is fun&quot;);\nSET @project_c = LAST_INSERT_ID();\n\nINSERT INTO projects (name) VALUES (&quot;Python is cool&quot;);\nSET @project_py = LAST_INSERT_ID();\n\nINSERT INTO corrections (user_id, project_id, score) VALUES (@user_bob, @project_c, 80);\nINSERT INTO corrections (user_id, project_id, score) VALUES (@user_bob, @project_py, 96);\n\nINSERT INTO corrections (user_id, project_id, score) VALUES (@user_jeanne, @project_c, 91);\nINSERT INTO corrections (user_id, project_id, score) VALUES (@user_jeanne, @project_py, 73);\n\nbob@dylan:~$\nbob@dylan:~$ cat 6-init.sql | mysql -uroot -p holberton\nEnter password:\nbob@dylan:~$\nbob@dylan:~$ cat 6-bonus.sql | mysql -uroot -p holberton\nEnter password:\nbob@dylan:~$\nbob@dylan:~$ cat 6-main.sql\nEnter password:\n-- Show and add bonus correction\nSELECT * FROM projects;\nSELECT * FROM corrections;\n\nSELECT &quot;--&quot;;\n\nCALL AddBonus((SELECT id FROM users WHERE name = &quot;Jeanne&quot;), &quot;Python is cool&quot;, 100);\n\nCALL AddBonus((SELECT id FROM users WHERE name = &quot;Jeanne&quot;), &quot;Bonus project&quot;, 100);\nCALL AddBonus((SELECT id FROM users WCREATE TABLE IF NOT EXISTS users (\n    id int not null AUTO_INCREMENT,\n    name varchar(255) not null,\n    average_score float default 0,\n    PRIMARY KEY (id)\n);\n\nCREATE TABLE IF NOT EXISTS projects (\n    id int not null AUTO_INCREMENT,\n    name varchar(255) not null,\n    PRIMARY KEY (id)\n);\n\nCREATE TABLE IF NOT EXISTS corrections (\n    user_id int not null,\n    project_id int not null,\n    score int default 0,\n    KEY `user_id` (`user_id`),\n    KEY `project_id` (`project_id`),\n    CONSTRAINT fk_user_id FOREIGN KEY (`user_id`) REFERENCES `users` (`id`) ON DELETE CASCADE,\n    CONSTRAINT fk_project_id FOREIGN KEY (`project_id`) REFERENCES `projects` (`id`) ON DELETE CASCADE\n);\n\nINSERT INTO users (name) VALUES (\"Bob\");\nSET @user_bob = LAST_INSERT_ID();\n\nINSERT INTO users (name) VALUES (\"Jeanne\");\nSET @user_jeanne = LAST_INSERT_ID();\n\nINSERT INTO projects (name) VALUES (\"C is fun\");\nSET @project_c = LAST_INSERT_ID();\n\nINSERT INTO projects (name) VALUES (\"Python is cool\");\nSET @project_py = LAST_INSERT_ID();\n\nINSERT INTO corrections (user_id, project_id, score) VALUES (@user_bob, @project_c, 80);\nINSERT INTO corrections (user_id, project_id, score) VALUES (@user_bob, @project_py, 96);\n\nINSERT INTO corrections (user_id, project_id, score) VALUES (@user_jeanne, @project_c, 91);\nINSERT INTO corrections (user_id, project_id, score) VALUES (@user_jeanne, @project_py, 73);\n\nbob@dylan:~$\nbob@dylan:~$ cat 6-init.sql | mysql -uroot -p holberton\nEnter password:\nbob@dylan:~$\nbob@dylan:~$ cat 6-bonus.sql | mysql -uroot -p holberton\nEnter password:\nbob@dylan:~$\nbob@dylan:~$ cat 6-main.sql\nEnter password:\n-- Show and add bonus correction\nSELECT * FROM projects;\nSELECT * FROM corrections;\n\nSELECT \"--\";\n\nCALL AddBonus((SELECT id FROM users WHERE name = \"Jeanne\"), \"Python is cool\", 100);\n\nCALL AddBonus((SELECT id FROM users WHERE name = \"Jeanne\"), \"Bonus project\", 100);\nCALL AddBonus((SELECT id FROM users WHERE name = \"Bob\"), \"Bonus project\", 10);\n\nCALL AddBonus((SELECT id FROM users WHERE name = \"Jeanne\"), \"New bonus\", 90);\n\nSELECT \"--\";\n\nSELECT * FROM projects;\nSELECT * FROM corrections;\n\nbob@dylan:~$\nbob@dylan:~$ cat 6-main.sql | mysql -uroot -p holberton\nEnter password:\nid  name\n1   C is fun\n2   Python is cool\nuser_id project_id  score\n1   1   80\n1   2   96\n2   1   91\n2   2   73\n--\n--\n--\n--\nid  name\n1   C is fun\n2   Python is cool\n3   Bonus project\n4   New bonus\nuser_id project_id  score\n1   1   80\n1   2   96\n2   1   91\n2   2   73\n2   2   100\n2   3   100\n1   3   10\n2   4   90\nbob@dylan:~$\n\n</code></pre></div>\n<p dir=\"auto\"><strong>Repo:</strong></p>\n<ul dir=\"auto\">\n<li>GitHub repository: <code>alx-backend-storage</code></li>\n<li>Directory: <code>0x00-MySQL_Advanced</code></li>\n<li>File: <code>6-bonus.sql</code></li>\n</ul>\n<p dir=\"auto\"> Done? Help Check your code Get a sandbox</p>\n<h3 tabindex=\"-1\" dir=\"auto\"><a id=\"user-content-7-average-score\" class=\"anchor\" aria-hidden=\"true\" href=\"#7-average-score\"><svg class=\"octicon octicon-link\" viewBox=\"0 0 16 16\" version=\"1.1\" width=\"16\" height=\"16\" aria-hidden=\"true\"><path d=\"m7.775 3.275 1.25-1.25a3.5 3.5 0 1 1 4.95 4.95l-2.5 2.5a3.5 3.5 0 0 1-4.95 0 .751.751 0 0 1 .018-1.042.751.751 0 0 1 1.042-.018 1.998 1.998 0 0 0 2.83 0l2.5-2.5a2.002 2.002 0 0 0-2.83-2.83l-1.25 1.25a.751.751 0 0 1-1.042-.018.751.751 0 0 1-.018-1.042Zm-4.69 9.64a1.998 1.998 0 0 0 2.83 0l1.25-1.25a.751.751 0 0 1 1.042.018.751.751 0 0 1 .018 1.042l-1.25 1.25a3.5 3.5 0 1 1-4.95-4.95l2.5-2.5a3.5 3.5 0 0 1 4.95 0 .751.751 0 0 1-.018 1.042.751.751 0 0 1-1.042.018 1.998 1.998 0 0 0-2.83 0l-2.5 2.5a1.998 1.998 0 0 0 0 2.83Z\"></path></svg></a>7. Average score</h3>\n<p dir=\"auto\">mandatory</p>\n<p dir=\"auto\">Write a SQL script that creates a stored procedure <code>ComputeAverageScoreForUser</code> that computes and store the average score for a student. Note: An average score can be a decimal</p>\n<p dir=\"auto\"><strong>Requirements:</strong></p>\n<ul dir=\"auto\">\n<li>Procedure <code>ComputeAverageScoreForUser</code> is taking 1 input:\n<ul dir=\"auto\">\n<li><code>user_id</code>, a <code>users.id</code> value (you can assume <code>user_id</code> is linked to an existing <code>users</code>)</li>\n</ul>\n</li>\n</ul>\n<div class=\"snippet-clipboard-content notranslate position-relative overflow-auto\" data-snippet-clipboard-copy-content=\"bob@dylan:~$ cat 7-init.sql\n-- Initial\nDROP TABLE IF EXISTS corrections;\nDROP TABLE IF EXISTS users;\nDROP TABLE IF EXISTS projects;\n\nCREATE TABLE IF NOT EXISTS users (\n    id int not null AUTO_INCREMENT,\n    name varchar(255) not null,\n    average_score float default 0,\n    PRIMARY KEY (id)\n);\n\nCREATE TABLE IF NOT EXISTS projects (\n    id int not null AUTO_INCREMENT,\n    name varchar(255) not null,\n    PRIMARY KEY (id)\n);\n\nCREATE TABLE IF NOT EXISTS corrections (\n    user_id int not null,\n    project_id int not null,\n    score int default 0,\n    KEY `user_id` (`user_id`),\n    KEY `project_id` (`project_id`),\n    CONSTRAINT fk_user_id FOREIGN KEY (`user_id`) REFERENCES `users` (`id`) ON DELETE CASCADE,\n    CONSTRAINT fk_project_id FOREIGN KEY (`project_id`) REFERENCES `projects` (`id`) ON DELETE CASCADE\n);\n\nINSERT INTO users (name) VALUES (&quot;Bob&quot;);\nSET @user_bob = LAST_INSERT_ID();\n\nINSERT INTO users (name) VALUES (&quot;Jeanne&quot;);\nSET @user_jeanne = LAST_INSERT_ID();\n\nINSERT INTO projects (name) VALUES (&quot;C is fun&quot;);\nSET @project_c = LAST_INSERT_ID();\n\nINSERT INTO projects (name) VALUES (&quot;Python is cool&quot;);\nSET @project_py = LAST_INSERT_ID();\n\nINSERT INTO corrections (user_id, project_id, score) VALUES (@user_bob, @project_c, 80);\nINSERT INTO corrections (user_id, project_id, score) VALUES (@user_bob, @project_py, 96);\n\nINSERT INTO corrections (user_id, project_id, score) VALUES (@user_jeanne, @project_c, 91);\nINSERT INTO corrections (user_id, project_id, score) VALUES (@user_jeanne, @project_py, 73);\n\nbob@dylan:~$\nbob@dylan:~$ cat 7-init.sql | mysql -uroot -p holberton\nEnter password:\nbob@dylan:~$\nbob@dylan:~$ cat 7-average_score.sql | mysql -uroot -p holberton\nEnter password:\nbob@dylan:~$\nbob@dylan:~$ cat 7-main.sql\n-- Show and compute average score\nSELECT * FROM users;\nSELECT * FROM corrections;\n\nSELECT &quot;--&quot;;\nCALL ComputeAverageScoreForUser((SELECT id FROM users WHERE name = &quot;Jeanne&quot;));\n\nSELECT &quot;--&quot;;\nSELECT * FROM users;\n\nbob@dylan:~$\nbob@dylan:~$ cat 7-main.sql | mysql -uroot -p holberton\nEnter password:\nid  name    average_score\n1   Bob 0\n2   Jeanne  0\nuser_id project_id  score\n1   1   80\n1   2   96\n2   1   91\n2   2   73\n--\n--\n--\n--\nid  name    average_score\n1   Bob 0\n2   Jeanne  82\nbob@dylan:~$\n\"><pre class=\"notranslate\"><code>bob@dylan:~$ cat 7-init.sql\n-- Initial\nDROP TABLE IF EXISTS corrections;\nDROP TABLE IF EXISTS users;\nDROP TABLE IF EXISTS projects;\n\nCREATE TABLE IF NOT EXISTS users (\n    id int not null AUTO_INCREMENT,\n    name varchar(255) not null,\n    average_score float default 0,\n    PRIMARY KEY (id)\n);\n\nCREATE TABLE IF NOT EXISTS projects (\n    id int not null AUTO_INCREMENT,\n    name varchar(255) not null,\n    PRIMARY KEY (id)\n);\n\nCREATE TABLE IF NOT EXISTS corrections (\n    user_id int not null,\n    project_id int not null,\n    score int default 0,\n    KEY `user_id` (`user_id`),\n    KEY `project_id` (`project_id`),\n    CONSTRAINT fk_user_id FOREIGN KEY (`user_id`) REFERENCES `users` (`id`) ON DELETE CASCADE,\n    CONSTRAINT fk_project_id FOREIGN KEY (`project_id`) REFERENCES `projects` (`id`) ON DELETE CASCADE\n);\n\nINSERT INTO users (name) VALUES (\"Bob\");\nSET @user_bob = LAST_INSERT_ID();\n\nINSERT INTO users (name) VALUES (\"Jeanne\");\nSET @user_jeanne = LAST_INSERT_ID();\n\nINSERT INTO projects (name) VALUES (\"C is fun\");\nSET @project_c = LAST_INSERT_ID();\n\nINSERT INTO projects (name) VALUES (\"Python is cool\");\nSET @project_py = LAST_INSERT_ID();\n\nINSERT INTO corrections (user_id, project_id, score) VALUES (@user_bob, @project_c, 80);\nINSERT INTO corrections (user_id, project_id, score) VALUES (@user_bob, @project_py, 96);\n\nINSERT INTO corrections (user_id, project_id, score) VALUES (@user_jeanne, @project_c, 91);\nINSERT INTO corrections (user_id, project_id, score) VALUES (@user_jeanne, @project_py, 73);\n\nbob@dylan:~$\nbob@dylan:~$ cat 7-init.sql | mysql -uroot -p holberton\nEnter password:\nbob@dylan:~$\nbob@dylan:~$ cat 7-average_score.sql | mysql -uroot -p holberton\nEnter password:\nbob@dylan:~$\nbob@dylan:~$ cat 7-main.sql\n-- Show and compute average score\nSELECT * FROM users;\nSELECT * FROM corrections;\n\nSELECT \"--\";\nCALL ComputeAverageScoreForUser((SELECT id FROM users WHERE name = \"Jeanne\"));\n\nSELECT \"--\";\nSELECT * FROM users;\n\nbob@dylan:~$\nbob@dylan:~$ cat 7-main.sql | mysql -uroot -p holberton\nEnter password:\nid  name    average_score\n1   Bob 0\n2   Jeanne  0\nuser_id project_id  score\n1   1   80\n1   2   96\n2   1   91\n2   2   73\n--\n--\n--\n--\nid  name    average_score\n1   Bob 0\n2   Jeanne  82\nbob@dylan:~$\n\n</code></pre></div>\n<p dir=\"auto\"><strong>Repo:</strong></p>\n<ul dir=\"auto\">\n<li>GitHub repository: <code>alx-backend-storage</code></li>\n<li>Directory: <code>0x00-MySQL_Advanced</code></li>\n<li>File: <code>7-average_score.sql</code></li>\n</ul>\n<p dir=\"auto\"> Done? Help Check your code Get a sandbox</p>\n<h3 tabindex=\"-1\" dir=\"auto\"><a id=\"user-content-8-optimize-simple-search\" class=\"anchor\" aria-hidden=\"true\" href=\"#8-optimize-simple-search\"><svg class=\"octicon octicon-link\" viewBox=\"0 0 16 16\" version=\"1.1\" width=\"16\" height=\"16\" aria-hidden=\"true\"><path d=\"m7.775 3.275 1.25-1.25a3.5 3.5 0 1 1 4.95 4.95l-2.5 2.5a3.5 3.5 0 0 1-4.95 0 .751.751 0 0 1 .018-1.042.751.751 0 0 1 1.042-.018 1.998 1.998 0 0 0 2.83 0l2.5-2.5a2.002 2.002 0 0 0-2.83-2.83l-1.25 1.25a.751.751 0 0 1-1.042-.018.751.751 0 0 1-.018-1.042Zm-4.69 9.64a1.998 1.998 0 0 0 2.83 0l1.25-1.25a.751.751 0 0 1 1.042.018.751.751 0 0 1 .018 1.042l-1.25 1.25a3.5 3.5 0 1 1-4.95-4.95l2.5-2.5a3.5 3.5 0 0 1 4.95 0 .751.751 0 0 1-.018 1.042.751.751 0 0 1-1.042.018 1.998 1.998 0 0 0-2.83 0l-2.5 2.5a1.998 1.998 0 0 0 0 2.83Z\"></path></svg></a>8. Optimize simple search</h3>\n<p dir=\"auto\">mandatory</p>\n<p dir=\"auto\">Write a SQL script that creates an index <code>idx_name_first</code> on the table <code>names</code> and the first letter of <code>name</code>.</p>\n<p dir=\"auto\"><strong>Requirements:</strong></p>\n<ul dir=\"auto\">\n<li>Import this table dump: <a href=\"https://alx-intranet.hbtn.io/rltoken/BluyCCIIfw0NqcjqUiUdEw\" title=\"names.sql.zip\" rel=\"nofollow\">names.sql.zip</a></li>\n<li>Only the first letter of <code>name</code> must be indexed</li>\n</ul>\n<p dir=\"auto\"><strong>Context:</strong> <em>Index is not the solution for any performance issue, but well used, it's really powerful!</em></p>\n<div class=\"snippet-clipboard-content notranslate position-relative overflow-auto\" data-snippet-clipboard-copy-content=\"bob@dylan:~$ cat names.sql | mysql -uroot -p holberton\nEnter password:\nbob@dylan:~$\nbob@dylan:~$ mysql -uroot -p holberton\nEnter password:\nmysql&gt; SELECT COUNT(name) FROM names WHERE name LIKE 'a%';\n+-------------+\n| COUNT(name) |\n+-------------+\n|      302936 |\n+-------------+\n1 row in set (2.19 sec)\nmysql&gt;\nmys-----------+--------------+-------------+-----------+-------------+----------+--------+------+------------+---------+---------------+\n1 row in set (0.00 sec)\nmysql&gt;\nmysql&gt; SELECT COUNT(name) FROM names WHERE name LIKE 'a%';\n+-------------+\n| COUNT(name) |\n+-------------+\n|      302936 |\n+-------------+\n1 row in set (0.82 sec)\nmysql&gt;\nmysql&gt; exit\nbye\nbob@dylan:~$\n\"><pre class=\"notranslate\"><code>bob@dylan:~$ cat names.sql | mysql -uroot -p holberton\nEnter password:\nbob@dylan:~$\nbob@dylan:~$ mysql -uroot -p holberton\nEnter password:\nmysql&gt; SELECT COUNT(name) FROM names WHERE name LIKE 'a%';\n+-------------+\n| COUNT(name) |\n+-------------+\n|      302936 |\n+-------------+\n1 row in set (2.19 sec)\nmysql&gt;\nmysql&gt; exit\nbye\nbob@dylan:~$\nbob@dylan:~$ cat 8-index_my_names.sql | mysql -uroot -p holberton\nEnter password:\nbob@dylan:~$\nbob@dylan:~$ mysql -uroot -p holberton\nEnter password:\nmysql&gt; SHOW index FROM names;\n+-------+------------+----------------+--------------+-------------+-----------+-------------+----------+--------+------+------------+---------+---------------+\n| Table | Non_unique | Key_name       | Seq_in_index | Column_name | Collation | Cardinality | Sub_part | Packed | Null | Index_type | Comment | Index_comment |\n+-------+------------+----------------+--------------+-------------+-----------+-------------+----------+--------+------+------------+---------+---------------+\n| names |          1 | idx_name_first |            1 | name        | A         |          25 |        1 | NULL   | YES  | BTREE      |         |               |\n+-------+------------+----------------+--------------+-------------+-----------+-------------+----------+--------+------+------------+---------+---------------+\n1 row in set (0.00 sec)\nmysql&gt;\nmysql&gt; SELECT COUNT(name) FROM names WHERE name LIKE 'a%';\n+-------------+\n| COUNT(name) |\n+-------------+\n|      302936 |\n+-------------+\n1 row in set (0.82 sec)\nmysql&gt;\nmysql&gt; exit\nbye\nbob@dylan:~$\n\n</code></pre></div>\n<p dir=\"auto\"><strong>Repo:</strong></p>\n<ul dir=\"auto\">\n<li>GitHub repository: <code>alx-backend-storage</code></li>\n<li>Directory: <code>0x00-MySQL_Advanced</code></li>\n<li>File: <code>8-index_my_names.sql</code></li>\n</ul>\n<p dir=\"auto\"> Done? Help Check your code Get a sandbox</p>\n<h3 tabindex=\"-1\" dir=\"auto\"><a id=\"user-content-9-optimize-search-and-score\" class=\"anchor\" aria-hidden=\"true\" href=\"#9-optimize-search-and-score\"><svg class=\"octicon octicon-link\" viewBox=\"0 0 16 16\" version=\"1.1\" width=\"16\" height=\"16\" aria-hidden=\"true\"><path d=\"m7.775 3.275 1.25-1.25a3.5 3.5 0 1 1 4.95 4.95l-2.5 2.5a3.5 3.5 0 0 1-4.95 0 .751.751 0 0 1 .018-1.042.751.751 0 0 1 1.042-.018 1.998 1.998 0 0 0 2.83 0l2.5-2.5a2.002 2.002 0 0 0-2.83-2.83l-1.25 1.25a.751.751 0 0 1-1.042-.018.751.751 0 0 1-.018-1.042Zm-4.69 9.64a1.998 1.998 0 0 0 2.83 0l1.25-1.25a.751.751 0 0 1 1.042.018.751.751 0 0 1 .018 1.042l-1.25 1.25a3.5 3.5 0 1 1-4.95-4.95l2.5-2.5a3.5 3.5 0 0 1 4.95 0 .751.751 0 0 1-.018 1.042.751.751 0 0 1-1.042.018 1.998 1.998 0 0 0-2.83 0l-2.5 2.5a1.998 1.998 0 0 0 0 2.83Z\"></path></svg></a>9. Optimize search and score</h3>\n<p dir=\"auto\">mandatory</p>\n<p dir=\"auto\">Write a SQL script that creates an index <code>idx_name_first_score</code> on the table <code>names</code> and the first letter of <code>name</code> and the <code>score</code>.</p>\n<p dir=\"auto\"><strong>Requirements:</strong></p>\n<ul dir=\"auto\">\n<li>Import this table dump: <a href=\"https://alx-intranet.hbtn.io/rltoken/BluyCCIIfw0NqcjqUiUdEw\" title=\"names.sql.zip\" rel=\"nofollow\">names.sql.zip</a></li>\n<li>Only the first letter of <code>name</code> AND <code>score</code> must be indexed</li>\n</ul>\n<div class=\"snippet-clipboard-content notranslate position-relative overflow-auto\" data-snippet-clipboard-copy-content=\"bob@dylan:~$ cat names.sql | mysql -uroot -p holberton\nEnter password:\nbob@dylan:~$\nbob@dylan:~$ mysql -uroot -p holberton\nEnter password:\nmysql&gt; SELECT COUNT(name) FROM names WHERE name LIKE 'a%' AND score &lt; 80;\n+-------------+\n| count(name) |\n+-------------+\n|       60717 |\n+-------------+\n1 row in set (2.40 sec)\nmysql&gt;\nmysql&gt; exit\nbye\nbob@dylan:~$\nbob@dylan:~$ cat 9-index_name_score.sql | mysql -uroot -p holberton\nEnter password:\nbob@dylan:~$\nbob@dylan:~$ mysql -uroot -p holberton\nEnter password:\nmysql&gt; SHOW index FROM names;\n+-------+------------+----------------------+--------------+-------------+-----------+-------------+----------+--------+------+------------+---------+---------------+\n| Table | Non_unique | Key_name             | Seq_in_index | Column_name | Collation | Cardinality | Sub_part | Packed | Null | Index_type | Comment | Index_comment |\n+-------+------------+----------------------+--------------+-------------+-----------+-------------+----------+--------+------+------------+---------+---------------+\n| names |          1 | idx_name_first_score |            1 | name        | A         |          25 |        1 | NULL   | YES  | BTREE      |         |               |\n| names |          1 | idx_name_first_score |            2 | score       | A         |        3901 |     NULL | NULL   | YES  | BTREE      |         |               |\n+-------+------------+----------------------+--------------+-------------+-----------+-------------+----------+--------+------+------------+---------+---------------+\n2 rows in set (0.00 sec)\nmysql&gt;\nmysql&gt; SELECT COUNT(name) FROM names WHERE name LIKE 'a%' AND score &lt; 80;\n+-------------+\n| COUNT(name) |\n+-------------+\n|       60717 |\n+-------------+\n1 row in set (0.48 sec)\nmysql&gt;\nmysql&gt; exit\nbye\nbob@dylan:~$\n\"><pre class=\"notranslate\"><code>bob@dylan:~$ cat names.sql | mysql -uroot -p holberton\nEnter password:\nbob@dylan:~$\nbob@dylan:~$ mysql -uroot -p holberton\nEnter password:\nmysql&gt; SELECT COUNT(name) FROM names WHERE name LIKE 'a%' AND score &lt; 80;\n+-------------+\n| count(name) |\n+-------------+\n|       60717 |\n+-------------+\n1 row in set (2.40 sec)\nmysql&gt;\nmysql&gt; exit\nbye\nbob@dylan:~$\nbob@dylan:~$ cat 9-index_name_score.sql | mysql -uroot -p holberton\nEnter password:\nbob@dylan:~$\nbob@dylan:~$ mysql -uroot -p holberton\nEnter password:\nmysql&gt; SHOW index FROM names;\n+-------+------------+----------------------+--------------+-------------+-----------+-------------+----------+--------+------+------------+---------+---------------+\n| Table | Non_unique | Key_name             | Seq_in_index | Column_name | Collation | Cardinality | Sub_part | Packed | Null | Index_type | Comment | Index_comment |\n+-------+------------+----------------------+--------------+-------------+-----------+-------------+----------+--------+------+------------+---------+---------------+\n| names |          1 | idx_name_first_score |            1 | name        | A         |          25 |        1 | NULL   | YES  | BTREE      |         |               |\n| names |          1 | idx_name_first_score |            2 | score       | A         |        3901 |     NULL | NULL   | YES  | BTREE      |         |               |\n+-------+------------+----------------------+--------------+-------------+-----------+-------------+----------+--------+------+------------+---------+---------------+\n2 rows in set (0.00 sec)\nmysql&gt;\nmysql&gt; SELECT COUNT(name) FROM names WHERE name LIKE 'a%' AND score &lt; 80;\n+-------------+\n| COUNT(name) |\n+-------------+\n|       60717 |\n+-------------+\n1 row in set (0.48 sec)\nmysql&gt;\nmysql&gt; exit\nbye\nbob@dylan:~$\n\n</code></pre></div>\n<p dir=\"auto\"><strong>Repo:</strong></p>\n<ul dir=\"auto\">\n<li>GitHub repository: <code>alx-backend-storage</code></li>\n<li>Directory: <code>0x00-MySQL_Advanced</code></li>\n<li>File: <code>9-index_name_score.sql</code></li>\n</ul>\n<p dir=\"auto\"> Done? Help Check your code Get a sandbox</p>\n<h3 tabindex=\"-1\" dir=\"auto\"><a id=\"user-content-10-safe-divide\" class=\"anchor\" aria-hidden=\"true\" href=\"#10-safe-divide\"><svg class=\"octicon octicon-link\" viewBox=\"0 0 16 16\" version=\"1.1\" width=\"16\" height=\"16\" aria-hidden=\"true\"><path d=\"m7.775 3.275 1.25-1.25a3.5 3.5 0 1 1 4.95 4.95l-2.5 2.5a3.5 3.5 0 0 1-4.95 0 .751.751 0 0 1 .018-1.042.751.751 0 0 1 1.042-.018 1.998 1.998 0 0 0 2.83 0l2.5-2.5a2.002 2.002 0 0 0-2.83-2.83l-1.25 1.25a.751.751 0 0 1-1.042-.018.751.751 0 0 1-.018-1.042Zm-4.69 9.64a1.998 1.998 0 0 0 2.83 0l1.25-1.25a.751.751 0 0 1 1.042.018.751.751 0 0 1 .018 1.042l-1.25 1.25a3.5 3.5 0 1 1-4.95-4.95l2.5-2.5a3.5 3.5 0 0 1 4.95 0 .751.751 0 0 1-.018 1.042.751.751 0 0 1-1.042.018 1.998 1.998 0 0 0-2.83 0l-2.5 2.5a1.998 1.998 0 0 0 0 2.83Z\"></path></svg></a>10. Safe divide</h3>\n<p dir=\"auto\">mandatory</p>\n<p dir=\"auto\">Write a SQL script that creates a function <code>SafeDiv</code> that divides (and returns) the first by the second number or returns 0 if the second number is equal to 0.</p>\n<p dir=\"auto\"><strong>Requirements:</strong></p>\n<ul dir=\"auto\">\n<li>You must create a function</li>\n<li>The function <code>SafeDiv</code> takes 2 arguments:\n<ul dir=\"auto\">\n<li><code>a</code>, INT</li>\n<li><code>b</code>, INT</li>\n</ul>\n</li>\n<li>And returns <code>a / b</code> or 0 if <code>b == 0</code></li>\n</ul>\n<div class=\"snippet-clipboard-content notranslate position-relative overflow-auto\" data-snippet-clipboard-copy-content=\"bob@dylan:~$ cat 10-init.sql\n-- Initial\nDROP TABLE IF EXISTS numbers;\n\nCREATE TABLE IF NOT EXISTS numbers (\n    a int default 0,\n    b int default 0\n);\n\nINSERT INTO numbers (a, b) VALUES (10, 2);\nINSERT INTO numbers (a, b) VALUES (4, 5);\nINSERT INTO numbers (a, b) VALUES (2, 3);\nINSERT INTO numbers (a, b) VALUES (6, 3);\nINSERT INTO numbers (a, b) VALUES (7, 0);\nINSERT INTO numbers (a, b) VALUES (6, 8);\n\nbob@dylan:~$ cat 10-init.sql | mysql -uroot -p holberton\nEnter password:\nbob@dylan:~$\nbob@dylan:~$ cat 10-div.sql | mysql -uroot -p holberton\nEnter password:\nbob@dylan:~$\nbob@dylan:~$ echo &quot;SELECT (a / b) FROM numbers;&quot; | mysql -uroot -p holberton\nEnter password:\n(a / b)\n5.0000\n0.8000\n0.6667\n2.0000\nNULL\n0.7500\nbob@dylan:~$\nbob@dylan:~$ echo &quot;SELECT SafeDiv(a, b) FROM numbers;&quot; | mysql -uroot -p holberton\nEnter password:\nSafeDiv(a, b)\n5\n0.800000011920929\n0.6666666865348816\n2\n0\n0.75\nbob@dylan:~$\n\"><pre class=\"notranslate\"><code>bob@dylan:~$ cat 10-init.sql\n-- Initial\nDROP TABLE IF EXISTS numbers;\n\nCREATE TABLE IF NOT EXISTS numbers (\n    a int default 0,\n    b int default 0\n);\n\nINSERT INTO numbers (a, b) VALUES (10, 2);\nINSERT INTO numbers (a, b) VALUES (4, 5);\nINSERT INTO numbers (a, b) VALUES (2, 3);\nINSERT INTO numbers (a, b) VALUES (6, 3);\nINSERT INTO numbers (a, b) VALUES (7, 0);\nINSERT INTO numbers (a, b) VALUES (6, 8);\n\nbob@dylan:~$ cat 10-init.sql | mysql -uroot -p holberton\nEnter password:\nbob@dylan:~$\nbob@dylan:~$ cat 10-div.sql | mysql -uroot -p holberton\nEnter password:\nbob@dylan:~$\nbob@dylan:~$ echo \"SELECT (a / b) FROM numbers;\" | mysql -uroot -p holberton\nEnter password:\n(a / b)\n5.0000\n0.8000\n0.6667\n2.0000\nNULL\n0.7500\nbob@dylan:~$\nbob@dylan:~$ echo \"SELECT SafeDiv(a, b) FROM numbers;\" | mysql -uroot -p holberton\nEnter password:\nSafeDiv(a, b)\n5\n0.800000011920929\n0.6666666865348816\n2\n0\n0.75\nbob@dylan:~$\n\n</code></pre></div>\n<p dir=\"auto\"><strong>Repo:</strong></p>\n<ul dir=\"auto\">\n<li>GitHub repository: <code>alx-backend-storage</code></li>\n<li>Directory: <code>0x00-MySQL_Advanced</code></li>\n<li>File: <code>10-div.sql</code></li>\n</ul>\n<p dir=\"auto\"> Done? Help Check your code Get a sandbox</p>\n<h3 tabindex=\"-1\" dir=\"auto\"><a id=\"user-content-11-no-table-for-a-meeting\" class=\"anchor\" aria-hidden=\"true\" href=\"#11-no-table-for-a-meeting\"><svg class=\"octicon octicon-link\" viewBox=\"0 0 16 16\" version=\"1.1\" width=\"16\" height=\"16\" aria-hidden=\"true\"><path d=\"m7.775 3.275 1.25-1.25a3.5 3.5 0 1 1 4.95 4.95l-2.5 2.5a3.5 3.5 0 0 1-4.95 0 .751.751 0 0 1 .018-1.042.751.751 0 0 1 1.042-.018 1.998 1.998 0 0 0 2.83 0l2.5-2.5a2.0 date <strong>OR</strong> more than a month</li>\n</ul>\n</li>\n</ul>\n<div class=\"snippet-clipboard-content notranslate position-relative overflow-auto\" data-snippet-clipboard-copy-content=\"bob@dylan:~$ cat 11-init.sql\n-- Initial\nDROP TABLE IF EXISTS students;\n\nCREATE TABLE IF NOT EXISTS students (\n    name VARCHAR(255) NOT NULL,\n    score INT default 0,\n    last_meeting DATE NULL\n);\n\nINSERT INTO students (name, score) VALUES (&quot;Bob&quot;, 80);\nINSERT INTO students (name, score) VALUES (&quot;Sylvia&quot;, 120);\nINSERT INTO students (name, score) VALUES (&quot;Jean&quot;, 60);\nINSERT INTO students (name, score) VALUES (&quot;Steeve&quot;, 50);\nINSERT INTO students (name, score) VALUES (&quot;Camilia&quot;, 80);\nINSERT INTO students (name, score) VALUES (&quot;Alexa&quot;, 130);\n\nbob@dylan:~$ cat 11-init.sql | mysql -uroot -p holberton\nEnter password:\nbob@dylan:~$\nbob@dylan:~$ cat 11-need_meeting.sql | mysql -uroot -p holberton\nEnter password:\nbob@dylan:~$\nbob@dylan:~$ cat 11-main.sql\n-- Test view\nSELECT * FROM need_meeting;\n\nSELECT &quot;--&quot;;\n\nUPDATE students SET score = 40 WHERE name = 'Bob';\nSELECT * FROM need_meeting;\n\nSELECT &quot;--&quot;;\n\nUPDATE students SET score = 80 WHERE name = 'Steeve';\nSELECT * FROM need_meeting;\n\nSELECT &quot;--&quot;;\n\nUPDATE students SET last_meeting = CURDATE() WHERE name = 'Jean';\nSELECT * FROM need_meeting;\n\nSELECT &quot;--&quot;;\n\nUPDATE students SET last_meeting = ADDDATE(CURDATE(), INTERVAL -2 MONTH) WHERE name = 'Jean';\nSELECT * FROM need_meeting;\n\nSELECT &quot;--&quot;;\n\nSHOW CREATE TABLE need_meeting;\n\nSELECT &quot;--&quot;;\n\nSHOW CREATE TABLE students;\n\nbob@dylan:~$\nbob@dylan:~$ cat 11-main.sql | mysql -uroot -p holberton\nEnter password:\nname\nJean\nSteeve\n--\n--\nname\nBob\nJean\nSteeve\n--\n--\nname\nBob\nJean\n--\n--\nname\nBob\n--\n--\nname\nBob\nJean\n--\n--\nView    Create View character_set_client    collation_connection\nXXXXXX&lt;yes, here it will display the View SQL statement :-) &gt;XXXXXX\n--\n--\nTable   Create Table\nstudents    CREATE TABLE `students` (\\n  `name` varchar(255) NOT NULL,\\n  `score` int(11) DEFAULT '0',\\n  `last_meeting` date DEFAULT NULL\\n) ENGINE=InnoDB DEFAULT CHARSET=latin1\nbob@dylan:~$\n\"><pre class=\"notranslate\"><code>bob@dylan:~$ cat 11-init.sql\n-- Initial\nDROP TABLE IF EXISTS students;\n\nCREATE TABLE IF NOT EXISTS students (\n    name VARCHAR(255) NOT NULL,\n    score INT default 0,\n    last_meeting DATE NULL\n);\n\nINSERT INTO students (name, score) VALUES (\"Bob\", 80);\nINSERT INTO students (name, score) VALUES (\"Sylvia\", 120);\nINSERT INTO students (name, score) VALUES (\"Jean\", 60);\nINSERT INTO students (name, score) VALUES (\"Steeve\", 50);\nINSERT INTO students (name, score) VALUES (\"Camilia\", 80);\nINSERT INTO students (name, score) VALUES (\"Alexa\", 130);\n\nbob@dylan:~$ cat 11-init.sql | mysql -uroot -p holberton\nEnter password:\nbob@dylan:~$\nbob@dylan:~$ cat 11-need_meeting.sql | mysql -uroot -p holberton\nEnter password:\nbob@dylan:~$\nbob@dylan:~$ cat 11-main.sql\n-- Test view\nSELECT * FROM need_meeting;\n\nSELECT \"--\";\n\nUPDATE students SET score = 40 WHERE name = 'Bob';\nSELECT * FROM need_meeting;\n\nSELECT \"--\";\n\nUPDATE students SET score = 80 WHERE name = 'Steeve';\nSELECT * FROM need_meeting;\n\nSELECT \"--\";\n\nUPDATE students SET last_meeting = CURDATE() WHERE name = 'Jean';\nSELECT * FROM need_meeting;\n\nSELECT \"--\";\n\nUPDATE students SET last_meeting = ADDDATE(CURDATE(), INTERVAL -2 MONTH) WHERE name = 'Jean';\nSELECT * FROM need_meeting;\n\nSELECT \"--\";\n\nSHOW CREATE TABLE need_meeting;\n\nSELECT \"--\";\n\nSHOW CREATE TABLE students;\n\nbob@dylan:~$\nbob@dylan:~$ cat 11-main.sql | mysql -uroot -p holberton\nEnter password:\nname\nJean\nSteeve\n--\n--\nname\nBob\nJean\nSteeve\n--\n--\nname\nBob\nJean\n--\n--\nname\nBob\n--\n--\nname\nBob\nJean\n--\n--\nView    Create View character_set_client    collation_connection\nXXXXXX&lt;yes, here it will display the View SQL statement :-) &gt;XXXXXX\n--\n--\nTable   Create Table\nstudents    CREATE TABLE `students` (\\n  `name` varchar(255) NOT NULL,\\n  `score` int(11) DEFAULT '0',\\n  `last_meeting` date DEFAULT NULL\\n) ENGINE=InnoDB DEFAULT CHARSET=latin1\nbob@dylan:~$\n\n</code></pre></div>\n<p dir=\"auto\"><strong>Repo:</strong></p>\n<ul dir=\"auto\">\n<li>GitHub repository: <code>alx-backend-storage</code></li>\n<li>Directory: <code>0x00-MySQL_Advanced</code></li>\n<li>File: <code>11-need_meeting.sql</code></li>\n</ul>\n<p dir=\"auto\"> Done? Help Check your code Get a sandbox</p>\n<h3 tabindex=\"-1\" dir=\"auto\"><a id=\"user-content-12-average-weighted-score\" class=\"anchor\" aria-hidden=\"true\" href=\"#12-average-weighted-score\"><svg class=\"octicon octicon-link\" viewBox=\"0 0 16 16\" version=\"1.1\" width=\"16\" height=\"16\" aria-hidden=\"true\"><path d=\"m7.775 3.275 1.25-1.25a3.5 3.5 0 1 1 4.95 4.95l-2.5 2.5a3.5 3.5 0 0 1-4.95 0 .751.751 0 0 1 .018-1.042.751.751 0 0 1 1.042-.018 1.998 1.998 0 0 0 2.83 0l2.5-2.5a2.002 2.002 0 0 0-2.83-2.83l-1.25 1.25a.751.751 0 0 1-1.042-.018.751.751 0 0 1-.018-1.042Zm-4.69 9.64a1.998 1.998 0 0 0 2.83 0l1.25-1.25a.751.751 0 0 1 1.042.018.751.751 0 0 1 .018 1.042l-1.25 1.25a3.5 3.5 0 1 1-4.95-4.95l2.5-2.5a3.5 3.5 0 0 1 4.95 0 .751.751 0 0 1-.018 1.042.751.751 0 0 1-1.042.018 1.998 1.998 0 0 0-2.83 0l-2.5 2.5a1.998 1.998 0 0 0 0 2.83Z\"></path></svg></a>12. Average weighted score</h3>\n<p dir=\"auto\">#advanced</p>\n<p dir=\"auto\">Write a SQL script that creates a stored procedure <code>ComputeAverageWeightedScoreForUser</code> that computes and store the average weighted score for a student.</p>\n<p dir=\"auto\"><strong>Requirements:</strong></p>\n<ul dir=\"auto\">\n<li>Procedure <code>ComputeAverageScoreForUser</code> is taking 1 input:\n<ul dir=\"auto\">\n<li><code>user_id</code>, a <code>users.id</code> value (you can assume <code>user_id</code> is linked to an existing <code>users</code>)</li>\n</ul>\n</li>\n</ul>\n<p dir=\"auto\"><strong>Tips</strong>:</p>\n<ul dir=\"auto\">\n<li><a href=\"https://alx-intranet.hbtn.io/rltoken/QHx92mlF43zF6GTEil-Cyw\" title=\"Calculate-Weighted-Average\" rel=\"nofollow\">Calculate-Weighted-Average</a></li>\n</ul>\n<div class=\"snippet-clipboard-content notranslate position-relative overflow-auto\" data-snippet-clipboard-copy-content=\"bob@dylan:~$ cat 100-init.sql\n-- Initial\nDROP TABLE IF EXISTS corrections;\nDROP TABLE IF EXISTS users;\nDROP TABLE IF EXISTS projects;\n\nCREATE TABLE IF NOT EXISTS users (\n    id int not null AUTO_INCREMENT,\n    name varchar(255) not null,\n    average_score float default 0,\n    PRIMARY KEY (id)\n);\n\nCREATE TABLE IF NOT EXISTS projects (\n    id int not null AUTO_INCREMENT,\n    name varchar(255) not null,\n    weight int default 1,\n    PRIMARY KEY (id)\n);\n\nCREATE TABLE IF NOT EXISTS corrections (\n    user_id int not null,\n    project_id int not null,\n    score float default 0,\n    KEY `user_id` (`user_id`),\n    KEY `project_id` (`project_id`),\n    CONSTRAINT fk_user_id FOREIGN KEY (`user_id`) REFERENCES `users` (`id`) ON DELETE CASCADE,\n    CONSTRAINT fk_project_id FOREIGN KEY (`project_id`) REFERENCES `projects` (`id`) ON DELETE CASCADE\n);\n\nINSERT INTO users (name) VALUES (&quot;Bob&quot;);\nSET @user_bob = LAST_INSERT_ID();\n\nINSERT INTO users (name) VALUES (&quot;Jeanne&quot;);\nSET @user_jeanne = LAST_INSERT_ID();\n\nINSERT INTO projects (name, weight) VALUES (&quot;C is fun&quot;, 1);\nSET @project_c = LAST_INSERT_ID();\n\nINSERT INTO projects (name, weight) VALUES (&quot;Python is cool&quot;, 2);\nSET @project_py = LAST_INSERT_ID();\n\nINSERT INTO corrections (user_id, project_id, score) VALUES (@user_bob, @project_c, 80);\nINSERT INTO corrections (user_id, project_id, score) VALUES (@user_bob, @project_py, 96);\n\nINSERT INTO corrections (user_id, project_id, score) VALUES (@user_jeanne, @project_c, 91);\nINSERT INTO corrections (user_id, project_id, score) VALUES (@user_jeanne, @project_py, 73);\n\nbob@dylan:~$\nbob@dylan:~$ cat 100-init.sql | mysql -uroot -p holberton\nEnter password:\nbob@dylan:~$\nbob@dylan:~$ cat 100-average_weighted_score.sql | mysql -uroot -p holberton\nEnter password:\nbob@dylan:~$\nbob@dylan:~$ cat 100-main.sql\n-- Show and compute average weighted score\nSELECT * FROM users;\nSELECT * FROM projects;\nSELECT * FROM corrections;\n\nCALL ComputeAverageWeightedScoreForUser((SELECT id FROM users WHERE name = &quot;Jeanne&quot;));\n\nSELECT &quot;--&quot;;\nSELECT * FROM users;\n\nbob@dylan:~$\nbob@dylan:~$ cat 100-main.sql | mysql -uroot -p holberton\nEnter password:\nid  name    average_score\n1   Bob 0\n2   Jeanne  82\nid  name    weight\n1   C is fun    1\n2   Python is cool  2\nuser_id project_id  score\n1   1   80\n1   2   96\n2   1   91\n2   2   73\n--\n--\nid  name    average_score\n1   Bob 0\n2   Jeanne  79\nbob@dylan:~$\n\"><pre class=\"notranslate\"><code>bob@dylan:~$ cat 100-init.sql\n-- Initial\nDROP TABLE IF EXISTS corrections;\nDROP TABLE IF EXISTS users;\nDROP TABLE IF EXISTS projects;\n\nCREATE TABLE IF NOT EXISTS users (\n    id int not null AUTO_INCREMENT,\n    name varchar(255) not null,\n    average_score float default 0,\n    PRIMARY KEY (id)\n);\n\nCREATE TABLE IF NOT EXISTS projects (\n    id int not null AUTO_INCREMENT,\n    name varchar(255) not null,\n    weight int default 1,\n    PRIMARY KEY (id)\n);\n\nCREATE TABLE IF NOT EXISTS corrections (\n    user_id int not null,\n    project_id int not null,\n    score float default 0,\n    KEY `user_id` (`user_id`),\n    KEY `project_id` (`project_id`),\n    CONSTRAINT fk_user_id FOREIGN KEY (`user_id`) REFERENCES `users` (`id`) ON DELETE CASCADE,\n    CONSTRAINT fk_project_id FOREIGN KEY (`project_id`) REFERENCES `projects` (`id`) ON DELETE CASCADE\n);\n\nINSERT INTO users (name) VALUES (\"Bob\");\nSET @user_bob = LAST_INSERT_ID();\n\nINSERT INTO users (name) VALUES (\"Jeanne\");\nSET @user_jeanne = LAST_INSERT_ID();\n\nINSERT INTO projects (name, weight) VALUES (\"C is fun\", 1);\nSET @project_c = LAST_INSERT_ID();\n\nINSERT INTO projects (name, weight) VALUES (\"Python is cool\", 2);\nSET @project_py = LAST_INSERT_ID();\n\nINSERT INTO corrections (user_id, project_id, score) VALUES (@user_bob, @project_c, 80);\nINSERT INTO corrections (user_id, project_id, score) VALUES (@user_bob, @project_py, 96);\n\nINSERT INTO corrections (user_id, project_id, score) VALUES (@user_jeanne, @project_c, 91);\nINSERT INTO corrections (user_id, project_id, score) VALUES (@user_jeanne, @project_py, 73);\n\nbob@dylan:~$\nbob@dylan:~$ cat 100-init.sql | mysql -uroot -p holberton\nEnter password:\nbob@dylan:~$\nbob@dylan:~$ cat 100-average_weighted_score.sql | mysql -uroot -p holberton\nEnter password:\nbob@dylan:~$\nbob@dylan:~$ cat 100-main.sql\n-- Show and compute average weighted score\nSELECT * FROM users;\nSELECT * FROM projects;\nSELECT * FROM corrections;\n\nCALL ComputeAverageWeightedScoreForUser((SELECT id FROM users WHERE name = \"Jeanne\"));\n\nSELECT \"--\";\nSELECT * FROM users;\n\nbob@dylan:~$\nbob@dylan:~$ cat 100-main.sql | mysql -uroot -p holberton\nEnter password:\nid  name    average_score\n1   Bob 0\n2   Jeanne  82\nid  name    weight\n1   C is fun    1\n2   Python is cool  2\nuser_id project_id  score\n1   1   80\n1   2   96 0l2.5-2.5a2.002 2.002 0 0 0-2.83-2.83l-1.25 1.25a.751.751 0 0 1-1.042-.018.751.751 0 0 1-.018-1.042Zm-4.69 9.64a1.998 1.998 0 0 0 2.83 0l1.25-1.25a.751.751 0 0 1 1.042.018.751.751 0 0 1 .018 1.042l-1.25 1.25a3.5 3.5 0 1 1-4.95-4.95l2.5-2.5a3.5 3.5 0 0 1 4.95 0 .751.751 0 0 1-.018 1.042.751.751 0 0 1-1.042.018 1.998 1.998 0 0 0-2.83 0l-2.5 2.5a1.998 1.998 0 0 0 0 2.83Z\"></path></svg></a>13. Average weighted score for all!</h3>\n<p dir=\"auto\">#advanced</p>\n<p dir=\"auto\">Write a SQL script that creates a stored procedure <code>ComputeAverageWeightedScoreForUsers</code> that computes and store the average weighted score for all students.</p>\n<p dir=\"auto\"><strong>Requirements:</strong></p>\n<ul dir=\"auto\">\n<li>Procedure <code>ComputeAverageWeightedScoreForUsers</code> is not taking any input.</li>\n</ul>\n<p dir=\"auto\"><strong>Tips</strong>:</p>\n<ul dir=\"auto\">\n<li><a href=\"https://alx-intranet.hbtn.io/rltoken/QHx92mlF43zF6GTEil-Cyw\" title=\"Calculate-Weighted-Average\" rel=\"nofollow\">Calculate-Weighted-Average</a></li>\n</ul>\n<div class=\"snippet-clipboard-content notranslate position-relative overflow-auto\" data-snippet-clipboard-copy-content=\"bob@dylan:~$ cat 101-init.sql\n-- Initial\nDROP TABLE IF EXISTS corrections;\nDROP TABLE IF EXISTS users;\nDROP TABLE IF EXISTS projects;\n\nCREATE TABLE IF NOT EXISTS users (\n    id int not null AUTO_INCREMENT,\n    name varchar(255) not null,\n    average_score float default 0,\n    PRIMARY KEY (id)\n);\n\nCREATE TABLE IF NOT EXISTS projects (\n    id int not null AUTO_INCREMENT,\n    name varchar(255) not null,\n    weight int default 1,\n    PRIMARY KEY (id)\n);\n\nCREATE TABLE IF NOT EXISTS corrections (\n    user_id int not null,\n    project_id int not null,\n    score float default 0,\n    KEY `user_id` (`user_id`),\n    KEY `project_id` (`project_id`),\n    CONSTRAINT fk_user_id FOREIGN KEY (`user_id`) REFERENCES `users` (`id`) ON DELETE CASCADE,\n    CONSTRAINT fk_project_id FOREIGN KEY (`project_id`) REFERENCES `projects` (`id`) ON DELETE CASCADE\n);\n\nINSERT INTO users (name) VALUES (&quot;Bob&quot;);\nSET @user_bob = LAST_INSERT_ID();\n\nINSERT INTO users (name) VALUES (&quot;Jeanne&quot;);\nSET @user_jeanne = LAST_INSERT_ID();\n\nINSERT INTO projects (name, weight) VALUES (&quot;C is fun&quot;, 1);\nSET @project_c = LAST_INSERT_ID();\n\nINSERT INTO projects (name, weight) VALUES (&quot;Python is cool&quot;, 2);\nSET @project_py = LAST_INSERT_ID();\n\nINSERT INTO corrections (user_id, project_id, score) VALUES (@user_bob, @project_c, 80);\nINSERT INTO corrections (user_id, project_id, score) VALUES (@user_bob, @project_py, 96);\n\nINSERT INTO corrections (user_id, project_id, score) VALUES (@user_jeanne, @project_c, 91);\nINSERT INTO corrections (user_id, project_id, score) VALUES (@user_jeanne, @project_py, 73);\n\nbob@dylan:~$\nbob@dylan:~$ cat 101-init.sql | mysql -uroot -p holberton\nEnter password:\nbob@dylan:~$\nbob@dylan:~$ cat 101-average_weighted_score.sql | mysql -uroot -p holberton\nEnter password:\nbob@dylan:~$\nbob@dylan:~$ cat 101-main.sql\n-- Show and compute average weighted score\nSELECT * FROM users;\nSELECT * FROM projects;\nSELECT * FROM corrections;\n\nCALL ComputeAverageWeightedScoreForUsers();\n\nSELECT &quot;--&quot;;\nSELECT * FROM users;\n\nbob@dylan:~$\nbob@dylan:~$ cat 101-main.sql | mysql -uroot -p holberton\nEnter password:\nid  name    average_score\n1   Bob 0\n2   Jeanne  0\nid  name    weight\n1   C is fun    1\n2   Python is cool  2\nuser_id project_id  score\n1   1   80\n1   2   96\n2   1   91\n2   2   73\n--\n--\nid  name    average_score\n1   Bob 90.6667\n2   Jeanne  79\nbob@dylan:~$\n\"><pre class=\"notranslate\"><code>bob@dylan:~$ cat 101-init.sql\n-- Initial\nDROP TABLE IF EXISTS corrections;\nDROP TABLE IF EXISTS users;\nDROP TABLE IF EXISTS projects;\n\nCREATE TABLE IF NOT EXISTS users (\n    id int not null AUTO_INCREMENT,\n    name varchar(255) not null,\n    average_score float default 0,\n    PRIMARY KEY (id)\n);\n\nCREATE TABLE IF NOT EXISTS projects (\n    id int not null AUTO_INCREMENT,\n    name varchar(255) not null,\n    weight int default 1,\n    PRIMARY KEY (id)\n);\n\nCREATE TABLE IF NOT EXISTS corrections (\n    user_id int not null,\n    project_id int not null,\n    score float default 0,\n    KEY `user_id` (`user_id`),\n    KEY `project_id` (`project_id`),\n    CONSTRAINT fk_user_id FOREIGN KEY (`user_id`) REFERENCES `users` (`id`) ON DELETE CASCADE,\n    CONSTRAINT fk_project_id FOREIGN KEY (`project_id`) REFERENCES `projects` (`id`) ON DELETE CASCADE\n);\n\nINSERT INTO users (name) VALUES (\"Bob\");\nSET @user_bob = LAST_INSERT_ID();\n\nINSERT INTO users (name) VALUES (\"Jeanne\");\nSET @user_jeanne = LAST_INSERT_ID();\n\nINSERT INTO projects (name, weight) VALUES (\"C is fun\", 1);\nSET @project_c = LAST_INSERT_ID();\n\nINSERT INTO projects (name, weight) VALUES (\"Python is cool\", 2);\nSET @project_py = LAST_INSERT_ID();\n\nINSERT INTO corrections (user_id, project_id, score) VALUES (@user_bob, @project_c, 80);\nINSERT INTO corrections (user_id, project_id, score) VALUES (@user_bob, @project_py, 96);\n\nINSERT INTO corrections (user_id, project_id, score) VALUES (@user_jeanne, @project_c, 91);\nINSERT INTO corrections (user_id, project_id, score) VALUES (@user_jeanne, @project_py, 73);\n\nbob@dylan:~$\nbob@dylan:~$ cat 101-init.sql | mysql -uroot -p holberton\nEnter password:\nbob@dylan:~$\nbob@dylan:~$ cat 101-average_weighted_score.sql | mysql -uroot -p holberton\nEnter password:\nbob@dylan:~$\nbob@dylan:~$ cat 101-main.sql\n-- Show and compute average weighted score\nSELECT * FROM users;\nSELECT * FROM projects;\nSELECT * FROM corrections;\n\nCALL ComputeAverageWeightedScoreForUsers();\n\nSELECT \"--\";\nSELECT * FROM users;\n\nbob@dylan:~$\nbob@dylan:~$ cat 101-main.sql | mysql -uroot -p holberton\nEnter password:\nid  name    average_score\n1   Bob 0\n2   Jeanne  0\nid  name    weight\n1   C is fun    1\n2   Python is cool  2\nuser_id project_id  score\n1   1   80\n1   2   96\n2   1   91\n2   2   73\n--\n--\nid  name    average_score\n1   Bob 90.6667\n2   Jeanne  79\nbob@dylan:~$\n\n</code></pre></div>\n<p dir=\"auto\"><strong>Repo:</strong></p>\n<ul dir=\"auto\">\n<li>GitHub repository: <code>alx-backend-storage</code></li>\n<li>Directory: <code>0x00-MySQL_Advanced</code></li>\n<li>File: <code>101-average_weighted_score.sql</code></li>\n</ul>\n</article>","errorMessage":null,"headerInfo":{"toc":[{"level":1,"text":"0x00. MySQL advanced","anchor":"0x00-mysql-advanced","htmlText":"0x00. MySQL advanced"},{"level":3,"text":"Concepts","anchor":"concepts","htmlText":"Concepts"},{"level":2,"text":"Resources","anchor":"resources","htmlText":"Resources"},{"level":2,"text":"Learning Objectives","anchor":"learning-objectives","htmlText":"Learning Objectives"},{"level":3,"text":"General","anchor":"general","htmlText":"General"},{"level":2,"text":"Requirements","anchor":"requirements","htmlText":"Requirements"},{"level":3,"text":"General","anchor":"general-1","htmlText":"General"},{"level":2,"text":"More Info","anchor":"more-info","htmlText":"More Info"},{"level":3,"text":"Comments for your SQL file:","anchor":"comments-for-your-sql-file","htmlText":"Comments for your SQL file:"},{"level":3,"text":"Use \"container-on-demand\" to run MySQL","anchor":"use-container-on-demand-to-run-mysql","htmlText":"Use \"container-on-demand\" to run MySQL"},{"level":3,"text":"How to import a SQL dump","anchor":"how-to-import-a-sql-dump","htmlText":"How to import a SQL dump"},{"level":2,"text":"Tasks","anchor":"tasks","htmlText":"Tasks"},{"level":3,"text":"0. We are all unique!","anchor":"0-we-are-all-unique","htmlText":"0. We are all unique!"},{"level":3,"text":"1. In and not out","anchor":"1-in-and-not-out","htmlText":"1. In and not out"},{"level":3,"text":"2. Best band ever!","anchor":"2-best-band-ever","htmlText":"2. Best band ever!"},{"level":3,"text":"3. Old school band","anchor":"3-old-school-band","htmlText":"3. Old school band"},{"level":3,"text":"4. Buy buy buy","anchor":"4-buy-buy-buy","htmlText":"4. Buy buy buy"},{"level":3,"text":"5. Email validation to sent","anchor":"5-email-validation-to-sent","htmlText":"5. Email validation to sent"},{"level":3,"text":"6. Add bonus","anchor":"6-add-bonus","htmlText":"6. Add bonus"},{"level":3,"text":"7. Average score","anchor":"7-average-score","htmlText":"7. Average score"},{"level":3,"text":"8. Optimize simple search","anchor":"8-optimize-simple-search","htmlText":"8. Optimize simple search"},{"level":3,"text":"9. Optimize search and score","anchor":"9-optimize-search-and-score","htmlText":"9. Optimize search and score"},{"level":3,"text":"10. Safe divide","anchor":"10-safe-divide","htmlText":"10. Safe divide"},{"level":3,"text":"11. No table for a meeting","anchor":"11-no-table-for-a-meeting","htmlText":"11. No table for a meeting"},{"level":3,"text":"12. Average weighted score","anchor":"12-average-weighted-score","htmlText":"12. Average weighted score"},{"level":3,"text":"13. Average weighted score for all!","anchor":"13-average-weighted-score-for-all","htmlText":"13. Average weighted score for all!"}],"siteNavLoginPath":"/login?return_to=https%3A%2F%2Fgithub.com%2FPericles001%2Falx-backend-storage%2Ftree%2Ff9a8044abb58fe5986bb5ca66acc391e420b7db7%2F0x00-MySQL_Advanced"}},"totalCount":15,"showBranchInfobar":false},"fileTree":{"":{"items":[{"name":"0x00-MySQL_Advanced","path":"0x00-MySQL_Advanced","contentType":"directory"},{"name":"0x01-NoSQL","path":"0x01-NoSQL","contentType":"directory"},{"name":"0x02-redis_basic","path":"0x02-redis_basic","contentType":"directory"},{"name":"README.md","path":"README.md","contentType":"file"}],"totalCount":4}},"fileTreeProcessingTime":1.7070290000000001,"foldersToFetch":[],"showSurveyBanner":false,"showCodeNavSurvey":true,"csrf_tokens":{"/Pericles001/alx-backend-storage/branches":{"post":"l9RUGKghTnyCXg8bMnMNj5b6bsF7_LokRzClb-pRWIfyv-Y_s6ZRm3N4paVlGmP0dLjLC7AB0lZPE-TGkBDrPA"}}},"title":"alx-backend-storage/0x00-MySQL_Advanced at f9a8044abb58fe5986bb5ca66acc391e420b7db7 · Pericles001/alx-backend-storage"}1 4.95 0 .751.751 0 0 1-.018 1.042.751.751 0 0 1-1.042.018 1.998 1.998 0 0 0-2.83 0l-2.5 2.5a1.998 1.998 0 0 0 0 2.83Z\"></path></svg></a>Learning Objectives</h2>\n<p dir=\"auto\">At the end of this project, you are expected to be able to <a href=\"https://alx-intranet.hbtn.io/rltoken/NEA0Fr7muHfukl5lziVAhg\" title=\"explain to anyone\" rel=\"nofollow\">explain to anyone</a>, <strong>without the help of Google</strong>:</p>\n<h3 tabindex=\"-1\" dir=\"auto\"><a id=\"user-content-general\" class=\"anchor\" aria-hidden=\"true\" href=\"#general\"><svg class=\"octicon octicon-link\" viewBox=\"0 0 16 16\" version=\"1.1\" width=\"16\" height=\"16\" aria-hidden=\"true\"><path d=\"m7.775 3.275 1.25-1.25a3.5 3.5 0 1 1 4.95 4.95l-2.5 2.5a3.5 3.5 0 0 1-4.95 0 .751.751 0 0 1 .018-1.042.751.751 0 0 1 1.042-.018 1.998 1.998 0 0 0 2.83 0l2.5-2.5a2.002 2.002 0 0 0-2.83-2.83l-1.25 1.25a.751.751 0 0 1-1.042-.018.751.751 0 0 1-.018-1.042Zm-4.69 /em></p>\n<div class=\"snippet-clipboard-content notranslate position-relative overflow-auto\" data-snippet-clipboard-copy-content=\"bob@dylan:~$ echo &quot;SELECT * FROM users;&quot; | mysql -uroot -p holberton\nEnter password:\nERROR 1146 (42S02) at line 1: Table 'holberton.users' doesn't exist\nbob@dylan:~$\nbob@dylan:~$ cat 0-uniq_users.sql | mysql -uroot -p holberton\nEnter password:\nbob@dylan:~$\nbob@dylan:~$ echo 'INSERT INTO users (email, name) VALUES (&quot;bob@dylan.com&quot;, &quot;Bob&quot;);' | mysql -uroot -p holberton\nEnter password:\nbob@dylan:~$ISTS items;\nDROP TABLE IF EXISTS orders;\n\nCREATE TABLE IF NOT EXISTS items (\n    name VARCHAR(255) NOT NULL,\n    quantity int NOT NULL DEFAULT 10\n);\n\nCREATE TABLE IF NOT EXISTS orders (\n    item_name VARCHAR(255) NOT NULL,\n    number int NHERE name = &quot;Bob&quot;), &quot;Bonus project&quot;, 10);\n\nCALL AddBonus((SELECT id FROM users WHERE name = &quot;Jeanne&quot;), &quot;New bonus&quot;, 90);\n\nSELECT &quot;--&quot;;\n\nSELECT * FROM projects;\nSELECT * FROM corrections;\n\nbob@dylan:~$\nbob@dylan:~$ cat 6-main.sql | mysql -uroot -p holberton\nEnter password:\nid  name\n1   C is fun\n2   Python is cool\nuser_id project_id  score\n1   1   80\n1   2   96\n2   1   91\n2   2   73\n--\n--\n--\n--\nid  name\n1   C is fun\n2   Python is cool\n3   Bonus project\n4   New bonus\nuser_id project_id  score\n1   1   80\n1   2   96\n2   1   91\n2   2   73\n2   2   100\n2   3   100\n1   3   10\n2   4   90\nbob@dylan:~$\n\"><pre class=\"notranslate\"><code>bob@dylan:~$ cat 6-init.sql\n-- Initial\nDROP TABLE IF EXISTS corrections;\nDROP TABLE IF EXISTS users;\nDROP TABLE IF EXISTS projects;\n\nql&gt; exit\nbye\nbob@dylan:~$\nbob@dylan:~$ cat 8-index_my_names.sql | mysql -uroot -p holberton\nEnter password:\nbob@dylan:~$\nbob@dylan:~$ mysql -uroot -p holberton\nEnter password:\nmysql&gt; SHOW index FROM names;\n+-------+------------+----------------+--------------+-------------+-----------+-------------+----------+--------+------+------------+---------+---------------+\n| Table | Non_unique | Key_name       | Seq_in_index | Column_name | Collation | Cardinality | Sub_part | Packed | Null | Index_type | Comment | Index_comment |\n+-------+------------+----------------+--------------+-------------+-----------+-------------+----------+--------+------+------------+---------+---------------+\n| names |          1 | idx_name_first |            1 | name        | A         |          25 |        1 | NULL   | YES  | BTREE      |         |               |\n+-------+------------+-----02 2.002 0 0 0-2.83-2.83l-1.25 1.25a.751.751 0 0 1-1.042-.018.751.751 0 0 1-.018-1.042Zm-4.69 9.64a1.998 1.998 0 0 0 2.83 0l1.25-1.25a.751.751 0 0 1 1.042.018.751.751 0 0 1 .018 1.042l-1.25 1.25a3.5 3.5 0 1 1-4.95-4.95l2.5-2.5a3.5 3.5 0 0 1 4.95 0 .751.751 0 0 1-.018 1.042.751.751 0 0 1-1.042.018 1.998 1.998 0 0 0-2.83 0l-2.5 2.5a1.998 1.998 0 0 0 0 2.83Z\"></path></svg></a>11. No table for a meeting</h3>\n<p dir=\"auto\">mandatory</p>\n<p dir=\"auto\">Write a SQL script that creates a view <code>need_meeting</code> that lists all students that have a score under 80 (strict) and no <code>last_meeting</code> or more than 1 month.</p>\n<p dir=\"auto\"><strong>Requirements:</strong></p>\n<ul dir=\"auto\">\n<li>The view <code>need_meeting</code> should return all students name when:\n<ul dir=\"auto\">\n<li>They score are under (strict) to 80</li>\n<li><strong>AND</strong> no <code>last_meeting</code>\n2   1   91\n2   2   73\n--\n--\nid  name    average_score\n1   Bob 0\n2   Jeanne  79\nbob@dylan:~$\n\n</code></pre></div>\n<p dir=\"auto\"><strong>Repo:</strong></p>\n<ul dir=\"auto\">\n<li>GitHub repository: <code>alx-backend-storage</code></li>\n<li>Directory: <code>0x00-MySQL_Advanced</code></li>\n<li>File: <code>100-average_weighted_score.sql</code></li>\n</ul>\n<p dir=\"auto\"> Done? Help Check your code Get a sandbox</p>\n<h3 tabindex=\"-1\" dir=\"auto\"><a id=\"user-content-13-average-weighted-score-for-all\" class=\"anchor\" aria-hidden=\"true\" href=\"#13-average-weighted-score-for-all\"><svg class=\"octicon octicon-link\" viewBox=\"0 0 16 16\" version=\"1.1\" width=\"16\" height=\"16\" aria-hidden=\"true\"><path d=\"m7.775 3.275 1.25-1.25a3.5 3.5 0 1 1 4.95 4.95l-2.5 2.5a3.5 3.5 0 0 1-4.95 0 .751.751 0 0 1 .018-1.042.751.751 0 0 1 1.042-.018 1.998 1.998 0 0 0 2.83 echo 'INSERT INTO users (email, name) VALUES (&quot;sylvie@dylan.com&quot;, &quot;Sylvie&quot;);' | mysql -uroot -p holberton\nEnter password:\nbob@dylan:~$ echo 'INSERT INTO users (email, name) VALUES (&quot;bob@dylan.com&quot;, &quot;Jean&quot;);' | mysql -uroot -p holberton\nEnter password:\nERRcript that creates a trigger that decreases the quantity of an item after adding a new order.</p>\n<p dir=\"auto\">Quantity in the table <code>items</code> can be negative.</p>\n<p dir=\"auto\"><strong>Context:</strong> <em>Updating multiple tables for one action from your application can generate issue: network disconnection, crash, etc... to keep your data in a good shape, let MySQL do it for you!</em></p>\n<div class=\"snippet-clipboard-content notranslate position-relative overflow-auto\" data-snippet-clipboard-copy-content=\"bob@dylan:~$ cat 4-init.sql\n-- Initial\nDROP TABLE IF EX
